
SELFTEST
====================================================================================================
1. RECIPE FIDELITY  55 function(s) byte-identical to build_floor1.mjs, 2 derived by the declared transform. PASS
   constant tables re-proved against build_floor1.mjs: 21 (APPROVED_ROOMS, APPROVED_DOC_IDS, GATE_CATEGORIES (9), MEP_CATEGORIES (7), CATEGORY_ORDER (21), MEP_CONDENSED_SOURCES (22 lines), ...)

2. THE RECIPE STILL REPRODUCES APPROVED AND LIVE WORK
   room 101 (approved slice): 40 line(s), convention "line" - PASS 0 deltas on (category, tag, qty, sort)
   room 103 (approved slice): 40 line(s), convention "line" - PASS 0 deltas on (category, tag, qty, sort)
   room 105 (approved slice): 40 line(s), convention "row" - PASS 0 deltas on (category, tag, qty, sort)
   room 104 (LIVE floor-1 seed): 41 line(s), convention "row" - PASS 0 deltas on (category, tag, qty, sort)
   room 105 (LIVE floor-1 seed): 40 line(s), convention "row" - PASS 0 deltas on (category, tag, qty, sort)
   MEP type-level constant: 22 live lines identical across 101/103/105-MEP. PASS
   src == room_items.primary_sheet re-proved on 120 approved lines. PASS

3. EVERY BUILT ROOM RE-DERIVES FROM THE DATABASE
   room 401: FF&E 42 line(s), MEP 23 line(s); 74 MEP row(s) = 65 condensed + 0 own line(s) + 9 rough-in + 0 lost - PASS
   room 402: FF&E 43 line(s), MEP 25 line(s); 77 MEP row(s) = 66 condensed + 2 own line(s) + 9 rough-in + 0 lost - PASS
   room 403: FF&E 42 line(s), MEP 23 line(s); 74 MEP row(s) = 65 condensed + 0 own line(s) + 9 rough-in + 0 lost - PASS
   room 404: FF&E 43 line(s), MEP 23 line(s); 77 MEP row(s) = 68 condensed + 0 own line(s) + 9 rough-in + 0 lost - PASS
   room 405: FF&E 42 line(s), MEP 23 line(s); 77 MEP row(s) = 68 condensed + 0 own line(s) + 9 rough-in + 0 lost - PASS
   room 406: FF&E 43 line(s), MEP 23 line(s); 77 MEP row(s) = 68 condensed + 0 own line(s) + 9 rough-in + 0 lost - PASS
   room 407: FF&E 42 line(s), MEP 23 line(s); 77 MEP row(s) = 68 condensed + 0 own line(s) + 9 rough-in + 0 lost - PASS
   room 408: FF&E 43 line(s), MEP 23 line(s); 77 MEP row(s) = 68 condensed + 0 own line(s) + 9 rough-in + 0 lost - PASS
   room 409: FF&E 42 line(s), MEP 23 line(s); 77 MEP row(s) = 68 condensed + 0 own line(s) + 9 rough-in + 0 lost - PASS
   room 410: FF&E 43 line(s), MEP 23 line(s); 77 MEP row(s) = 68 condensed + 0 own line(s) + 9 rough-in + 0 lost - PASS
   room 411: FF&E 42 line(s), MEP 23 line(s); 77 MEP row(s) = 68 condensed + 0 own line(s) + 9 rough-in + 0 lost - PASS
   room 412: FF&E 43 line(s), MEP 23 line(s); 77 MEP row(s) = 68 condensed + 0 own line(s) + 9 rough-in + 0 lost - PASS
   room 413: FF&E 42 line(s), MEP 23 line(s); 77 MEP row(s) = 68 condensed + 0 own line(s) + 9 rough-in + 0 lost - PASS
   room 414: FF&E 43 line(s), MEP 23 line(s); 77 MEP row(s) = 68 condensed + 0 own line(s) + 9 rough-in + 0 lost - PASS
   room 415: FF&E 42 line(s), MEP 23 line(s); 77 MEP row(s) = 68 condensed + 0 own line(s) + 9 rough-in + 0 lost - PASS
   room 416: FF&E 43 line(s), MEP 23 line(s); 77 MEP row(s) = 68 condensed + 0 own line(s) + 9 rough-in + 0 lost - PASS
   room 417: FF&E 47 line(s), MEP 37 line(s); 87 MEP row(s) = 64 condensed + 14 own line(s) + 9 rough-in + 0 lost - PASS
   room 418: FF&E 43 line(s), MEP 23 line(s); 77 MEP row(s) = 68 condensed + 0 own line(s) + 9 rough-in + 0 lost - PASS
   room 422: FF&E 43 line(s), MEP 23 line(s); 77 MEP row(s) = 68 condensed + 0 own line(s) + 9 rough-in + 0 lost - PASS
   room 423: FF&E 43 line(s), MEP 23 line(s); 77 MEP row(s) = 68 condensed + 0 own line(s) + 9 rough-in + 0 lost - PASS
   room 424: FF&E 43 line(s), MEP 23 line(s); 77 MEP row(s) = 68 condensed + 0 own line(s) + 9 rough-in + 0 lost - PASS
   room 425: FF&E 43 line(s), MEP 23 line(s); 77 MEP row(s) = 68 condensed + 0 own line(s) + 9 rough-in + 0 lost - PASS
   room 426: FF&E 43 line(s), MEP 23 line(s); 77 MEP row(s) = 68 condensed + 0 own line(s) + 9 rough-in + 0 lost - PASS
   room 427: FF&E 43 line(s), MEP 23 line(s); 77 MEP row(s) = 68 condensed + 0 own line(s) + 9 rough-in + 0 lost - PASS
   room 428: FF&E 42 line(s), MEP 23 line(s); 77 MEP row(s) = 68 condensed + 0 own line(s) + 9 rough-in + 0 lost - PASS
   room 429: FF&E 43 line(s), MEP 23 line(s); 77 MEP row(s) = 68 condensed + 0 own line(s) + 9 rough-in + 0 lost - PASS
   room 430: FF&E 42 line(s), MEP 23 line(s); 74 MEP row(s) = 65 condensed + 0 own line(s) + 9 rough-in + 0 lost - PASS
   room 431: FF&E 43 line(s), MEP 23 line(s); 77 MEP row(s) = 68 condensed + 0 own line(s) + 9 rough-in + 0 lost - PASS
   room 432: FF&E 42 line(s), MEP 23 line(s); 74 MEP row(s) = 65 condensed + 0 own line(s) + 9 rough-in + 0 lost - PASS
   room 433: FF&E 43 line(s), MEP 23 line(s); 77 MEP row(s) = 68 condensed + 0 own line(s) + 9 rough-in + 0 lost - PASS
   room 434: FF&E 42 line(s), MEP 23 line(s); 77 MEP row(s) = 68 condensed + 0 own line(s) + 9 rough-in + 0 lost - PASS
   room 436: FF&E 42 line(s), MEP 23 line(s); 74 MEP row(s) = 65 condensed + 0 own line(s) + 9 rough-in + 0 lost - PASS
   room 438: FF&E 44 line(s), MEP 35 line(s); 84 MEP row(s) = 63 condensed + 12 own line(s) + 9 rough-in + 0 lost - PASS

4. FIRESTORE DOC RULES
   401: id 3/8 chars, 42/200 items, 7 note(s)
   402: id 3/8 chars, 43/200 items, 7 note(s)
   403: id 3/8 chars, 42/200 items, 7 note(s)
   404: id 3/8 chars, 43/200 items, 6 note(s)
   405: id 3/8 chars, 42/200 items, 6 note(s)
   406: id 3/8 chars, 43/200 items, 6 note(s)
   407: id 3/8 chars, 42/200 items, 6 note(s)
   408: id 3/8 chars, 43/200 items, 6 note(s)
   409: id 3/8 chars, 42/200 items, 6 note(s)
   410: id 3/8 chars, 43/200 items, 6 note(s)
   411: id 3/8 chars, 42/200 items, 6 note(s)
   412: id 3/8 chars, 43/200 items, 6 note(s)
   413: id 3/8 chars, 42/200 items, 7 note(s)
   414: id 3/8 chars, 43/200 items, 6 note(s)
   415: id 3/8 chars, 42/200 items, 6 note(s)
   416: id 3/8 chars, 43/200 items, 6 note(s)
   417: id 3/8 chars, 47/200 items, 8 note(s)
   418: id 3/8 chars, 43/200 items, 7 note(s)
   422: id 3/8 chars, 43/200 items, 7 note(s)
   423: id 3/8 chars, 43/200 items, 7 note(s)
   424: id 3/8 chars, 43/200 items, 6 note(s)
   425: id 3/8 chars, 43/200 items, 6 note(s)
   426: id 3/8 chars, 43/200 items, 6 note(s)
   427: id 3/8 chars, 43/200 items, 6 note(s)
   428: id 3/8 chars, 42/200 items, 6 note(s)
   429: id 3/8 chars, 43/200 items, 6 note(s)
   430: id 3/8 chars, 42/200 items, 8 note(s)
   431: id 3/8 chars, 43/200 items, 6 note(s)
   432: id 3/8 chars, 42/200 items, 8 note(s)
   433: id 3/8 chars, 43/200 items, 6 note(s)
   434: id 3/8 chars, 42/200 items, 6 note(s)
   436: id 3/8 chars, 42/200 items, 7 note(s)
   438: id 3/8 chars, 44/200 items, 8 note(s)
   401-MEP: id 7/8 chars, 23/200 items, 7 note(s)
   402-MEP: id 7/8 chars, 25/200 items, 7 note(s)
   403-MEP: id 7/8 chars, 23/200 items, 7 note(s)
   404-MEP: id 7/8 chars, 23/200 items, 6 note(s)
   405-MEP: id 7/8 chars, 23/200 items, 6 note(s)
   406-MEP: id 7/8 chars, 23/200 items, 6 note(s)
   407-MEP: id 7/8 chars, 23/200 items, 6 note(s)
   408-MEP: id 7/8 chars, 23/200 items, 6 note(s)
   409-MEP: id 7/8 chars, 23/200 items, 6 note(s)
   410-MEP: id 7/8 chars, 23/200 items, 6 note(s)
   411-MEP: id 7/8 chars, 23/200 items, 6 note(s)
   412-MEP: id 7/8 chars, 23/200 items, 6 note(s)
   413-MEP: id 7/8 chars, 23/200 items, 7 note(s)
   414-MEP: id 7/8 chars, 23/200 items, 6 note(s)
   415-MEP: id 7/8 chars, 23/200 items, 6 note(s)
   416-MEP: id 7/8 chars, 23/200 items, 6 note(s)
   417-MEP: id 7/8 chars, 37/200 items, 8 note(s)
   418-MEP: id 7/8 chars, 23/200 items, 7 note(s)
   422-MEP: id 7/8 chars, 23/200 items, 7 note(s)
   423-MEP: id 7/8 chars, 23/200 items, 7 note(s)
   424-MEP: id 7/8 chars, 23/200 items, 6 note(s)
   425-MEP: id 7/8 chars, 23/200 items, 6 note(s)
   426-MEP: id 7/8 chars, 23/200 items, 6 note(s)
   427-MEP: id 7/8 chars, 23/200 items, 6 note(s)
   428-MEP: id 7/8 chars, 23/200 items, 6 note(s)
   429-MEP: id 7/8 chars, 23/200 items, 6 note(s)
   430-MEP: id 7/8 chars, 23/200 items, 8 note(s)
   431-MEP: id 7/8 chars, 23/200 items, 6 note(s)
   432-MEP: id 7/8 chars, 23/200 items, 8 note(s)
   433-MEP: id 7/8 chars, 23/200 items, 6 note(s)
   434-MEP: id 7/8 chars, 23/200 items, 6 note(s)
   436-MEP: id 7/8 chars, 23/200 items, 7 note(s)
   438-MEP: id 7/8 chars, 35/200 items, 8 note(s)
   PASS - every doc id <= 8 chars, number == docId, items <= 200, doc/item/note keys all whitelisted, every line born clean and cited

====================================================================================================
SELFTEST PASSED

DETERMINISM: two independent in-process builds are byte-identical (md5 f5526b8d4ba79714a8ee0c4b74150deb)

BUILD REPORT - floor 4, 33 guest room(s), staged for approval
====================================================================================================
recipe: 55 function(s) copied byte-identically from build_floor1.mjs, 2 derived by declared transform, all re-proved this run
sort convention measured off the approved slice for room 105: "row"; per donor: {"101":"line","103":"line","104":"row","105":"row"}
donor numbering: room 101: 40 recipe line(s) reproduce the live doc on (qty, sort) under convention "line"
donor numbering: room 103: 40 recipe line(s) reproduce the live doc on (qty, sort) under convention "line"
donor numbering: room 104: 41 recipe line(s) reproduce the live doc on (qty, sort) under convention "row"
donor numbering: room 105: 40 recipe line(s) reproduce the live doc on (qty, sort) under convention "row"
product-identity slot map: 67 donor row description(s) can place a row on a condensed line. CONFIGURATION A / CONFIGURATION B rows are excluded from this map on BOTH sides (0 on the donor side, and every one of them on the target side), so no bathing conflict can be auto-resolved into a slot.
sheet numbering: room_types: King Studio "A550 view 01" vs Queen-Queen "A555 view 01" - view 01 is the same view number on both sheets
sheet numbering: room_types: "A550 view 01.1" (King Studio Connecting) and "A555 view 01.1 ... + electrical view 04.1" (QQ Connecting) - the ".1" suffix IS the connecting variant, on both sheets
sheet numbering: room_items: ITM-0443 "A555 KN1 / view 08" and ITM-0152 "A550 KN1 / view 08" - proves keynote 1 and view 08 only, on those two sheets only
sheet numbering: room_items "A55x" wildcard (the DB's own "this room's A55-series sheet"): keynote(s) 1/10/14/15/18/19/20/24/25/28/3/30/35/36/44/45/46/47/49/50/51 and view(s) 02 are written sheet-independently, so they hold on any A55-series guestroom sheet
sheet numbering: room_items rows naming both sheets on one reference (1 distinct citation string(s), e.g. "A530 kn28; A550/A555 kn5"): keynote(s) 1/5 and view(s) 01/01.1/08 are proved shared BETWEEN A550 AND A555 ONLY

----------------------------------------------------------------------------------------------------
ROOM 401  QQ Wide Connecting  (2 key(s) of this type: 101, 401)
  doc type qq-wide-connecting / "QQ Studio Connector"   sheets: plan A103; room sheet A555; bath A530
  FF&E : 42 lines   [152 raw rows -> 46 gated -> 40 after 6 folds, + 2 ruled FF&E line(s)]
  MEP  : 23 lines   [74 MEP rows; 9 rough-in left off the punch; 69 deleted history row(s) in 101-MEP not copied]
  gate : 32 row(s) dropped by Austin's approved category gate (Paint / Drywall / Flooring / Doors / Stone-Surround / Wall Covering / FF&E-Misc), same as every approved floor-1 room

  DONOR USAGE - LIVE room 101 (QQ Wide Connecting)
    40 shared tag(s) took the donor's curated text: 901, 902, 903, 904, 905, <untagged>, GR-100, GR-101, GR-103, GR-200, GR-201, GR-203, GR-204, GR-205, GR-207, GR-208, GR-300, GR-302, GR-308, GR-318, GR-321, GR-322, GR-400, GR-402, GR-402.1, GR-403, GR-500, GR-501, GR-502, GR-600, GR-600.1, GR-602, HD-03, HD-08, HD-12, HD-16, HD-18, HD-21, HD-22, kn 11
    0 tag(s) have NO live counterpart and ship from sqlite VERBATIM: none
    2 donor tag(s) not applicable to this type: DH-1, DH-2
    label: <untagged>: donor label extends sqlite ("Garbage disposer - Moen MGXP33C") - donor text carried
    THE DONOR MAY ENRICH, NEVER LAUNDER:
      reliability KEPT from this room's own sqlite row over the donor's on 0 line(s)
      reliability RAISED on a ruling that closes the flag for the product on 3 line(s): 902_a (902): FLAGGED -> HIGH on the ruling closure carried in the donor text; gr308_a (GR-308): FLAGGED -> HIGH on the ruling closure carried in the donor text; u_ce20ab6281 (<untagged>): FLAGGED -> HIGH on the ruling closure carried in the donor text
      donor text DROPPED as a reading of the donor's own drawing on 3 line(s): gr302_a (GR-302): "⚑ paper sheet tags this GR-302L; DB/legend carries GR-302 — "; hd03_a (HD-03): "⚑ elevation-sourced — A530 warns ‘do not treat that as a tak"; hd08_a (HD-08): "⚑ elevation-sourced — not a takeoff" (quoted on the line as not carried)
    MEP text donated from 101-MEP, written for sheet A555, re-cited onto A555 - SAME SHEET, so every citation stands verbatim and no number is re-judged. The ONE exception is the
      '.1' CONNECTING plan variant, which room_types identifies as the connecting plan and which is
      dropped wherever rooms.connecting = 0 - a shared sheet is not a shared connecting plan.
      2 condensed line(s) have no row of their own in this room (carried on the donor citation): fp_heads_a, plmb_hotcold_a
      FLOOR-WRONG CITATION - fp_heads_a: 1 dropped (A121); trimmed from the cited list A120
      FLOOR-WRONG CITATION - mech_ptac: kept on this room's own row(s) M301
      FLOOR-WRONG CITATION - mech_tstat: kept on this room's own row(s) M301
      FLOOR-WRONG CITATION - plmb_fd_a: kept on this room's own row(s) P301
      FLOOR-WRONG CITATION - plmb_hotcold_a: kept on this room's own row(s) P305
      FLOOR-WRONG CITATION - plmb_trapguard_a: kept on this room's own row(s) P301
      FLOOR-WRONG CITATION - plmb_wc_a: kept (building-wide table) A100
      reliability from THIS room's own rows (never the donor's) - elec_lights: donor HIGH -> FLAGGED (worst of ITM-0014 [HIGH], ITM-0022 [FLAGGED], ITM-0023 [HIGH], ITM-0024 [HIGH], ITM-0025 [FLAGGED])
      reliability from THIS room's own rows (never the donor's) - elec_outlets: donor HIGH -> MEDIUM (worst of ITM-0017 [HIGH], ITM-0019 [HIGH], ITM-0020 [HIGH], ITM-0021 [MEDIUM])
      reliability from THIS room's own rows (never the donor's) - elec_panel: donor HIGH -> HIGH (worst of ITM-0001 [HIGH], ITM-0002 [HIGH], ITM-0003 [HIGH], ITM-0004 [HIGH], ITM-0005 [HIGH], ITM-0006 [HIGH], ITM-0007 [HIGH], ITM-0008 [HIGH], ITM-0009 [HIGH], ITM-0010 [HIGH], ITM-0011 [HIGH], ITM-0012 [HIGH], ITM-0013 [HIGH])
      reliability from THIS room's own rows (never the donor's) - lv_phone_db: donor HIGH -> FLAGGED (worst of ITM-0028 [HIGH], ITM-0031 [FLAGGED])
      reliability from THIS room's own rows (never the donor's) - lv_tvdata: donor HIGH -> FLAGGED (worst of ITM-0027 [HIGH], ITM-0029 [HIGH], ITM-0030 [FLAGGED])
      reliability from THIS room's own rows (never the donor's) - mech_grille_bath: donor HIGH -> FLAGGED (worst of ITM-0062 [HIGH], ITM-0063 [HIGH], ITM-0064 [MEDIUM], ITM-0065 [FLAGGED], ITM-0066 [MEDIUM], ITM-0067 [HIGH], ITM-0068 [HIGH], ITM-0069 [MEDIUM], ITM-0070 [FLAGGED])
      reliability from THIS room's own rows (never the donor's) - mech_grille_rm: donor HIGH -> FLAGGED (worst of ITM-0053 [FLAGGED])
      reliability from THIS room's own rows (never the donor's) - mech_ptac: donor HIGH -> FLAGGED (worst of ITM-0647 [FLAGGED], ITM-0048 [HIGH], ITM-0052 [HIGH], ITM-0054 [HIGH], ITM-0055 [HIGH], ITM-0056 [MEDIUM], ITM-0057 [HIGH], ITM-0058 [HIGH], ITM-0061 [MEDIUM]; already moved to FLAGGED earlier in this build)
      reliability from THIS room's own rows (never the donor's) - mech_tstat: donor HIGH -> HIGH (worst of ITM-0018 [HIGH], ITM-0059 [HIGH], ITM-0060 [HIGH])
      reliability from THIS room's own rows (never the donor's) - plmb_fd_a: donor HIGH -> MEDIUM (worst of ITM-0046 [MEDIUM])
      reliability from THIS room's own rows (never the donor's) - plmb_ksink_a: donor HIGH -> FLAGGED (worst of ITM-0051 [FLAGGED])
      reliability from THIS room's own rows (never the donor's) - plmb_lavfaucet_a: donor HIGH -> FLAGGED (worst of ITM-0043 [HIGH], ITM-0044 [HIGH], ITM-0045 [FLAGGED])
      reliability from THIS room's own rows (never the donor's) - plmb_shower_a: donor HIGH -> HIGH (worst of ITM-0645 [HIGH])
      reliability from THIS room's own rows (never the donor's) - plmb_trapguard_a: donor HIGH -> MEDIUM (worst of ITM-0047 [MEDIUM])
      reliability from THIS room's own rows (never the donor's) - plmb_wc_a: donor HIGH -> FLAGGED (worst of ITM-0039 [HIGH], ITM-0042 [FLAGGED])
      placed by product identity: ITM-0645 -> plmb_shower_a (description is character-for-character donor row ITM-0441)
      placed by product identity: ITM-0646 -> plmb_shencl_a (description is character-for-character donor row ITM-0442)
      placed by product identity: ITM-0647 -> mech_ptac (description is character-for-character donor row ITM-0443/ITM-0052/ITM-0054/ITM-0055/ITM-0056/ITM-0057/ITM-0058/ITM-0061/ITM-0048)

  RULINGS
    APPLIED  D12 on GR-322: qty 1 -> 3, and the line note says so - this room tags the nightstand family once (GR-322 only) and carries 2 queen bed(s), which is exactly the case D12 was ruled on
    DECLINED D20 on GR-202 - the ruling is about tag GR-202 in FF&E - Lighting, and what this room draws in that category is GR-200, GR-201, GR-203, GR-204, GR-205, GR-207, GR-208, so the ruling has nothing here to act on
    APPLIED  ruled lines: dh_closer_a (D28), dh_lock_a (D28)
    DECLINED D29/bsq_a: out of scope for room 401 ("QQ Wide Connecting", rooms.accessible 0); build_floor1.mjs scopes it the same way and this tool copies the predicate
    D22: GR-308 is the connector wall and stands - see room note n_d22

  FLAGS CARRIED (nothing resolved)
    FF&E 7 non-HIGH line(s): 905_a [FLAGGED] 905, gr300_a [FLAGGED] GR-300, gr308_a [FLAGGED] GR-308, gr318_a [FLAGGED] GR-318, gr322_a [FLAGGED] GR-322, hd03_a [MEDIUM] HD-03, hd08_a [MEDIUM] HD-08
    MEP  14 non-HIGH line(s): elec_lights [FLAGGED] <untagged>, elec_outlets [MEDIUM] <untagged>, fp_heads_a [MEDIUM] <untagged>, lv_phone_db [FLAGGED] <untagged>, lv_tvdata [FLAGGED] <untagged>, mech_grille_bath [FLAGGED] EAG-50, mech_grille_rm [FLAGGED] <untagged>, mech_ptac [FLAGGED] PTAC-2 / PTAC-1, plmb_fd_a [MEDIUM] FD, plmb_ksink_a [FLAGGED] SK-3 / SK-4, plmb_lavfaucet_a [FLAGGED] —, plmb_shower_a [FLAGGED] SH-1 / SH-4, plmb_trapguard_a [MEDIUM] TP, plmb_wc_a [FLAGGED] WC-3 / WC-4
    fp_heads_a: donor qty 1 NOT copied; donor mark "FP" NOT copied; line ships with no quantity and no mark, reliability MEDIUM, carrying PH-GU-001 verbatim; 2 donor FP-series citation segment(s) removed (floor-1 sheet, floor-1 total, rooms 107/108 verification) and replaced with PH-GU-001's own sheet list plus this room's floor (4)
    mech_ptac: 1 unit row(s) ITM-0647; mark "PTAC-2 / PTAC-1"; reliability FLAGGED; M401 detail 01 from this room's own row(s)

  CONFLICTS TABLE (data/project.sqlite conflicts, OPEN entries only)
    6 open entr(y/ies) touch this room: A11 [cited by own row(s) ITM-0107]; A13 [keys 101]; B3.1 [marks L-2, L-3, L-4, SH-1, SH-4, SK-3, SK-4]; B4.2 [marks 905]; B4.5 [marks GR-300, GR-308, GR-318, GR-322]; B5.6 [marks W4, W5]
    carried as a FLAG on 8 line(s): 905_a (905 <- B4.2[905]); gr300_a (GR-300 <- B4.5[GR-300]); gr308_a (GR-308 <- B4.5[GR-308]); gr318_a (GR-318 <- B4.5[GR-318]); gr322_a (GR-322 <- B4.5[GR-322]); plmb_ksink_a (SK-3 + SK-4 <- B3.1[SK-3,SK-4]); plmb_lavfaucet_a (L-2 + L-3 + L-4 <- B3.1[L-2,L-3,L-4]); plmb_shower_a (SH-1 + SH-4 <- B3.1[SH-1,SH-4]); every one of them is also in room note n_conflicts
    room notes seeded: n_conflicts, n_d22, n_dbroom, n_gaps, n_gategaps, n_rulings, n_type

----------------------------------------------------------------------------------------------------
ROOM 402  King One Bedroom  (3 key(s) of this type: 202, 302, 402)
  doc type king-one-bedroom / "King One Bedroom"   sheets: plan A103; room sheet A553; bath A531
  FF&E : 43 lines   [167 raw rows -> 47 gated -> 41 after 5 folds, + 2 ruled FF&E line(s)]
  MEP  : 25 lines   [77 MEP rows; 9 rough-in left off the punch; 0 deleted history row(s) in 104-MEP not copied]
  gate : 43 row(s) dropped by Austin's approved category gate (Paint / Drywall / Flooring / Doors / Stone-Surround / Wall Covering / FF&E-Misc), same as every approved floor-1 room

  DONOR USAGE - LIVE room 104 (King Studio)
    35 shared tag(s) took the donor's curated text: 901, 902, 903, 904, 905, <untagged>, GR-100, GR-101, GR-103, GR-200, GR-201, GR-202, GR-203, GR-205, GR-302, GR-318, GR-319, GR-320, GR-321, GR-323, GR-400, GR-403, GR-500, GR-501, GR-502, GR-601, GR-601.1, GR-603, HD-08, HD-12, HD-16, HD-18, HD-21, HD-22, kn 11
    6 tag(s) have NO live counterpart and ship from sqlite VERBATIM: GR-102, GR-315, GR-317, GR-503, HD-01, HD-02 [MEDIUM]
    8 donor tag(s) not applicable to this type: DH-1, DH-2, GR-204, GR-301, GR-304, GR-402, GR-402.1, HD-03
    label: <untagged>: donor label extends sqlite ("Garbage disposer - Moen MGXP33C") - donor text carried
    label: GR-302: donor label extends sqlite ("Vanity @ Guest Bath (Left & Right)") - donor text carried
    qty:   HD-12: qty 3 here vs 2 in donor room 104 (sqlite governs; the donor supplies text only)
    qty:   903: qty 2 here vs 1 in donor room 104 (sqlite governs; the donor supplies text only)
    qty:   GR-400: qty 2 here vs 1 in donor room 104 (sqlite governs; the donor supplies text only)
    THE DONOR MAY ENRICH, NEVER LAUNDER:
      reliability KEPT from this room's own sqlite row over the donor's on 0 line(s)
      reliability RAISED on a ruling that closes the flag for the product on 2 line(s): 902_a (902): FLAGGED -> HIGH on the ruling closure carried in the donor text; u_ce20ab6281 (<untagged>): FLAGGED -> HIGH on the ruling closure carried in the donor text
      donor text DROPPED as a reading of the donor's own drawing on 0 line(s) (quoted on the line as not carried)
    MEP text donated from 104-MEP, written for sheet A550, re-cited onto A553
      8 donor line(s) carried the DONOR's own re-point note (a fact about room 104, not this room); removed and replaced with this room's own: elec_outlets, elec_panel, elec_sink_sw, fp_smoke_a, lv_tvdata, lv_wap, mech_tstat, plmb_shower_a
      citation number NOT carried across sheets - lv_phone_db: view 01 -> replaced by this room's own row(s) ITM-0028, ITM-0031
      citation number NOT carried across sheets - mech_grille_rm: view 08 -> sheet cited by name only
      citation number NOT carried across sheets - mech_ptac: view 08 -> proven sheet-independent numbering kept: A553 KN1
      citation number NOT carried across sheets - plmb_shencl_a: view 01, keynote 5 -> replaced by this room's own row(s) ITM-0311
      2 condensed line(s) have no row of their own in this room (carried on the donor citation): fp_heads_a, plmb_hotcold_a
      FLOOR-WRONG CITATION - fp_heads_a: 1 dropped (A121); trimmed from the cited list A120
      FLOOR-WRONG CITATION - mech_ptac: kept on this room's own row(s) M301
      FLOOR-WRONG CITATION - mech_tstat: kept on this room's own row(s) M301
      FLOOR-WRONG CITATION - plmb_fd_a: kept on this room's own row(s) P301
      FLOOR-WRONG CITATION - plmb_hotcold_a: kept on this room's own row(s) P305
      FLOOR-WRONG CITATION - plmb_trapguard_a: kept on this room's own row(s) P301
      FLOOR-WRONG CITATION - plmb_wc_a: kept (building-wide table) A100
      reliability from THIS room's own rows (never the donor's) - elec_lights: donor HIGH -> FLAGGED (worst of ITM-0014 [HIGH], ITM-0022 [FLAGGED], ITM-0023 [HIGH], ITM-0024 [HIGH], ITM-0025 [FLAGGED])
      reliability from THIS room's own rows (never the donor's) - elec_outlets: donor HIGH -> MEDIUM (worst of ITM-0017 [HIGH], ITM-0019 [HIGH], ITM-0020 [HIGH], ITM-0021 [MEDIUM])
      reliability from THIS room's own rows (never the donor's) - elec_panel: donor HIGH -> HIGH (worst of ITM-0001 [HIGH], ITM-0002 [HIGH], ITM-0003 [HIGH], ITM-0004 [HIGH], ITM-0005 [HIGH], ITM-0006 [HIGH], ITM-0007 [HIGH], ITM-0008 [HIGH], ITM-0009 [HIGH], ITM-0010 [HIGH], ITM-0011 [HIGH], ITM-0012 [HIGH], ITM-0013 [HIGH])
      reliability from THIS room's own rows (never the donor's) - lv_phone_db: donor HIGH -> FLAGGED (worst of ITM-0028 [HIGH], ITM-0031 [FLAGGED])
      reliability from THIS room's own rows (never the donor's) - lv_tvdata: donor HIGH -> FLAGGED (worst of ITM-0027 [HIGH], ITM-0029 [HIGH], ITM-0030 [FLAGGED])
      reliability from THIS room's own rows (never the donor's) - mech_grille_bath: donor HIGH -> FLAGGED (worst of ITM-0062 [HIGH], ITM-0063 [HIGH], ITM-0064 [MEDIUM], ITM-0065 [FLAGGED], ITM-0066 [MEDIUM], ITM-0067 [HIGH], ITM-0068 [HIGH], ITM-0069 [MEDIUM], ITM-0070 [FLAGGED])
      reliability from THIS room's own rows (never the donor's) - mech_grille_rm: donor HIGH -> FLAGGED (worst of ITM-0053 [FLAGGED]; already moved to FLAGGED earlier in this build)
      reliability from THIS room's own rows (never the donor's) - mech_ptac: donor HIGH -> FLAGGED (worst of ITM-0320 [FLAGGED], ITM-0321 [FLAGGED], ITM-0048 [HIGH], ITM-0052 [HIGH], ITM-0054 [HIGH], ITM-0055 [HIGH], ITM-0056 [MEDIUM], ITM-0057 [HIGH], ITM-0058 [HIGH], ITM-0061 [MEDIUM]; already moved to FLAGGED earlier in this build)
      reliability from THIS room's own rows (never the donor's) - mech_tstat: donor HIGH -> FLAGGED (worst of ITM-0018 [HIGH], ITM-0059 [HIGH], ITM-0060 [HIGH]; already moved to FLAGGED earlier in this build)
      reliability from THIS room's own rows (never the donor's) - plmb_fd_a: donor HIGH -> MEDIUM (worst of ITM-0046 [MEDIUM])
      reliability from THIS room's own rows (never the donor's) - plmb_ksink_a: donor HIGH -> FLAGGED (worst of ITM-0051 [FLAGGED])
      reliability from THIS room's own rows (never the donor's) - plmb_lavfaucet_a: donor HIGH -> FLAGGED (worst of ITM-0043 [HIGH], ITM-0044 [HIGH], ITM-0045 [FLAGGED])
      reliability from THIS room's own rows (never the donor's) - plmb_shower_a: donor HIGH -> HIGH (worst of ITM-0310 [HIGH])
      reliability from THIS room's own rows (never the donor's) - plmb_trapguard_a: donor HIGH -> MEDIUM (worst of ITM-0047 [MEDIUM])
      reliability from THIS room's own rows (never the donor's) - plmb_wc_a: donor HIGH -> FLAGGED (worst of ITM-0039 [HIGH], ITM-0042 [FLAGGED])
      placed by product identity: ITM-0310 -> plmb_shower_a (description is character-for-character donor row ITM-0441)
      placed by product identity: ITM-0311 -> plmb_shencl_a (description is character-for-character donor row ITM-0442)
      placed by product identity: ITM-0320 -> mech_ptac (description is character-for-character donor row ITM-0443/ITM-0052/ITM-0054/ITM-0055/ITM-0056/ITM-0057/ITM-0058/ITM-0061/ITM-0048)
      placed by product identity: ITM-0321 -> mech_ptac (description is character-for-character donor row ITM-0443/ITM-0052/ITM-0054/ITM-0055/ITM-0056/ITM-0057/ITM-0058/ITM-0061/ITM-0048)
      quantity from THIS room's rows - mech_ptac: donor qty 1 -> 2 (this room has 2 row(s) of the identical product: ITM-0320 "PTAC 1 of 2", ITM-0321 "PTAC 2 of 2")
      2 row(s) no condensed line claims, each given its own line: <untagged> [Low Voltage] ITM-0318; (S)SB [Fire Alarm] ITM-0319

  RULINGS
    APPLIED  D20 on GR-202: the ruling RESTATES the fold (sqlite already draws 2) and changes nothing - room type "King One Bedroom" is a King-family key, which is the set D20 was ruled on
    DECLINED D12 on GR-322 - the ruling is about tag GR-322 in FF&E - Casegoods, and what this room draws in that category is GR-302, GR-315, GR-317, GR-318, GR-319, GR-320, GR-321, GR-323, so the ruling has nothing here to act on
    APPLIED  ruled lines: dh_closer_a (D28), dh_lock_a (D28)
    DECLINED D29/bsq_a: out of scope for room 402 ("King One Bedroom", rooms.accessible 0); build_floor1.mjs scopes it the same way and this tool copies the predicate

  FLAGS CARRIED (nothing resolved)
    FF&E 5 non-HIGH line(s): 905_a [FLAGGED] 905, gr318_a [FLAGGED] GR-318, gr323_a [FLAGGED] GR-323, hd02_a [MEDIUM] HD-02, hd08_a [MEDIUM] HD-08
    MEP  15 non-HIGH line(s): elec_lights [FLAGGED] <untagged>, elec_outlets [MEDIUM] <untagged>, fp_heads_a [MEDIUM] <untagged>, lv_phone_db [FLAGGED] <untagged>, lv_tvdata [FLAGGED] <untagged>, mech_grille_bath [FLAGGED] EAG-50, mech_grille_rm [FLAGGED] <untagged>, mech_ptac [FLAGGED] <untagged>, mech_tstat [FLAGGED] T, plmb_fd_a [MEDIUM] FD, plmb_ksink_a [FLAGGED] SK-3 / SK-4, plmb_lavfaucet_a [FLAGGED] —, plmb_shower_a [FLAGGED] SH-1 / SH-4, plmb_trapguard_a [MEDIUM] TP, plmb_wc_a [FLAGGED] WC-3 / WC-4
    fp_heads_a: donor qty 3 NOT copied; donor mark "FP" NOT copied; line ships with no quantity and no mark, reliability MEDIUM, carrying PH-GU-001 verbatim; 3 donor FP-series citation segment(s) removed (floor-1 sheet, floor-1 total, rooms 107/108 verification) and replaced with PH-GU-001's own sheet list plus this room's floor (4)
    mech_ptac: 2 unit row(s) ITM-0320, ITM-0321; mark NONE (unresolved, left blank); reliability FLAGGED; donor's own-row resolution removed; M401 detail 06 from this room's own row(s)
    PTAC SUB-ASSEMBLY REPEAT (open): 2 PTAC unit(s) ITM-0320, ITM-0321; the sub-assembly repeat is OPEN and carried on 2 line(s) - mech_grille_rm (ITM-0053), mech_tstat (ITM-0059, ITM-0060)

  CONFLICTS TABLE (data/project.sqlite conflicts, OPEN entries only)
    5 open entr(y/ies) touch this room: A11 [cited by own row(s) ITM-0108]; B3.1 [marks L-2, L-3, L-4, SH-1, SH-4, SK-3, SK-4]; B4.2 [marks 905, GR-905]; B4.5 [marks GR-318, GR-323]; B5.6 [marks W4, W5]
    carried as a FLAG on 6 line(s): 905_a (905 <- B4.2[905]); gr318_a (GR-318 <- B4.5[GR-318]); gr323_a (GR-323 <- B4.5[GR-323]); plmb_ksink_a (SK-3 + SK-4 <- B3.1[SK-3,SK-4]); plmb_lavfaucet_a (L-2 + L-3 + L-4 <- B3.1[L-2,L-3,L-4]); plmb_shower_a (SH-1 + SH-4 <- B3.1[SH-1,SH-4]); every one of them is also in room note n_conflicts
    MEP CATEGORIES THE APP DOES NOT KNOW - 1 line(s) sort last and say so on the line: db_itm0319 [Fire Alarm] ITM-0319. The category string is carried verbatim; widening the app's band list is Austin's call
    room notes seeded: n_conflicts, n_dbroom, n_gaps, n_gategaps, n_ptac2, n_rulings, n_type

----------------------------------------------------------------------------------------------------
ROOM 403  QQ Connecting  (6 key(s) of this type: 103, 215, 236, 336, 403, 436)
  doc type qq-connecting / "QQ Connecting"   sheets: plan A103; room sheet A555; bath A530
  FF&E : 42 lines   [152 raw rows -> 46 gated -> 40 after 6 folds, + 2 ruled FF&E line(s)]
  MEP  : 23 lines   [74 MEP rows; 9 rough-in left off the punch; 69 deleted history row(s) in 103-MEP not copied]
  gate : 32 row(s) dropped by Austin's approved category gate (Paint / Drywall / Flooring / Doors / Stone-Surround / Wall Covering / FF&E-Misc), same as every approved floor-1 room

  DONOR USAGE - LIVE room 103 (QQ Connecting)
    40 shared tag(s) took the donor's curated text: 901, 902, 903, 904, 905, <untagged>, GR-100, GR-101, GR-103, GR-200, GR-201, GR-203, GR-204, GR-205, GR-207, GR-208, GR-300, GR-302, GR-308, GR-318, GR-321, GR-322, GR-400, GR-402, GR-402.1, GR-403, GR-500, GR-501, GR-502, GR-600, GR-600.1, GR-602, HD-03, HD-08, HD-12, HD-16, HD-18, HD-21, HD-22, kn 11
    0 tag(s) have NO live counterpart and ship from sqlite VERBATIM: none
    2 donor tag(s) not applicable to this type: DH-1, DH-2
    label: <untagged>: donor label extends sqlite ("Garbage disposer - Moen MGXP33C") - donor text carried
    THE DONOR MAY ENRICH, NEVER LAUNDER:
      reliability KEPT from this room's own sqlite row over the donor's on 0 line(s)
      reliability RAISED on a ruling that closes the flag for the product on 3 line(s): 902_a (902): FLAGGED -> HIGH on the ruling closure carried in the donor text; gr308_a (GR-308): FLAGGED -> HIGH on the ruling closure carried in the donor text; u_ce20ab6281 (<untagged>): FLAGGED -> HIGH on the ruling closure carried in the donor text
      donor text DROPPED as a reading of the donor's own drawing on 2 line(s): hd03_a (HD-03): "⚑ elevation-sourced — A530 warns ‘do not treat that as a tak"; hd08_a (HD-08): "⚑ elevation-sourced — not a takeoff" (quoted on the line as not carried)
    MEP text donated from 103-MEP, written for sheet A555, re-cited onto A555 - SAME SHEET, so every citation stands verbatim and no number is re-judged. The ONE exception is the
      '.1' CONNECTING plan variant, which room_types identifies as the connecting plan and which is
      dropped wherever rooms.connecting = 0 - a shared sheet is not a shared connecting plan.
      2 condensed line(s) have no row of their own in this room (carried on the donor citation): fp_heads_a, plmb_hotcold_a
      FLOOR-WRONG CITATION - fp_heads_a: 1 dropped (A121); trimmed from the cited list A120
      FLOOR-WRONG CITATION - mech_ptac: kept on this room's own row(s) M301
      FLOOR-WRONG CITATION - mech_tstat: kept on this room's own row(s) M301
      FLOOR-WRONG CITATION - plmb_fd_a: kept on this room's own row(s) P301
      FLOOR-WRONG CITATION - plmb_hotcold_a: kept on this room's own row(s) P305
      FLOOR-WRONG CITATION - plmb_trapguard_a: kept on this room's own row(s) P301
      FLOOR-WRONG CITATION - plmb_wc_a: kept (building-wide table) A100
      reliability from THIS room's own rows (never the donor's) - elec_lights: donor HIGH -> FLAGGED (worst of ITM-0014 [HIGH], ITM-0022 [FLAGGED], ITM-0023 [HIGH], ITM-0024 [HIGH], ITM-0025 [FLAGGED])
      reliability from THIS room's own rows (never the donor's) - elec_outlets: donor HIGH -> MEDIUM (worst of ITM-0017 [HIGH], ITM-0019 [HIGH], ITM-0020 [HIGH], ITM-0021 [MEDIUM])
      reliability from THIS room's own rows (never the donor's) - elec_panel: donor HIGH -> HIGH (worst of ITM-0001 [HIGH], ITM-0002 [HIGH], ITM-0003 [HIGH], ITM-0004 [HIGH], ITM-0005 [HIGH], ITM-0006 [HIGH], ITM-0007 [HIGH], ITM-0008 [HIGH], ITM-0009 [HIGH], ITM-0010 [HIGH], ITM-0011 [HIGH], ITM-0012 [HIGH], ITM-0013 [HIGH])
      reliability from THIS room's own rows (never the donor's) - lv_phone_db: donor HIGH -> FLAGGED (worst of ITM-0028 [HIGH], ITM-0031 [FLAGGED])
      reliability from THIS room's own rows (never the donor's) - lv_tvdata: donor HIGH -> FLAGGED (worst of ITM-0027 [HIGH], ITM-0029 [HIGH], ITM-0030 [FLAGGED])
      reliability from THIS room's own rows (never the donor's) - mech_grille_bath: donor HIGH -> FLAGGED (worst of ITM-0062 [HIGH], ITM-0063 [HIGH], ITM-0064 [MEDIUM], ITM-0065 [FLAGGED], ITM-0066 [MEDIUM], ITM-0067 [HIGH], ITM-0068 [HIGH], ITM-0069 [MEDIUM], ITM-0070 [FLAGGED])
      reliability from THIS room's own rows (never the donor's) - mech_grille_rm: donor HIGH -> FLAGGED (worst of ITM-0053 [FLAGGED])
      reliability from THIS room's own rows (never the donor's) - mech_ptac: donor HIGH -> FLAGGED (worst of ITM-0496 [FLAGGED], ITM-0048 [HIGH], ITM-0052 [HIGH], ITM-0054 [HIGH], ITM-0055 [HIGH], ITM-0056 [MEDIUM], ITM-0057 [HIGH], ITM-0058 [HIGH], ITM-0061 [MEDIUM]; already moved to FLAGGED earlier in this build)
      reliability from THIS room's own rows (never the donor's) - mech_tstat: donor HIGH -> HIGH (worst of ITM-0018 [HIGH], ITM-0059 [HIGH], ITM-0060 [HIGH])
      reliability from THIS room's own rows (never the donor's) - plmb_fd_a: donor HIGH -> MEDIUM (worst of ITM-0046 [MEDIUM])
      reliability from THIS room's own rows (never the donor's) - plmb_ksink_a: donor HIGH -> FLAGGED (worst of ITM-0051 [FLAGGED])
      reliability from THIS room's own rows (never the donor's) - plmb_lavfaucet_a: donor HIGH -> FLAGGED (worst of ITM-0043 [HIGH], ITM-0044 [HIGH], ITM-0045 [FLAGGED])
      reliability from THIS room's own rows (never the donor's) - plmb_shower_a: donor HIGH -> HIGH (worst of ITM-0494 [HIGH])
      reliability from THIS room's own rows (never the donor's) - plmb_trapguard_a: donor HIGH -> MEDIUM (worst of ITM-0047 [MEDIUM])
      reliability from THIS room's own rows (never the donor's) - plmb_wc_a: donor HIGH -> FLAGGED (worst of ITM-0039 [HIGH], ITM-0042 [FLAGGED])
      placed by product identity: ITM-0494 -> plmb_shower_a (description is character-for-character donor row ITM-0441)
      placed by product identity: ITM-0495 -> plmb_shencl_a (description is character-for-character donor row ITM-0442)
      placed by product identity: ITM-0496 -> mech_ptac (description is character-for-character donor row ITM-0443/ITM-0052/ITM-0054/ITM-0055/ITM-0056/ITM-0057/ITM-0058/ITM-0061/ITM-0048)

  RULINGS
    APPLIED  D12 on GR-322: qty 1 -> 3, and the line note says so - this room tags the nightstand family once (GR-322 only) and carries 2 queen bed(s), which is exactly the case D12 was ruled on
    DECLINED D20 on GR-202 - the ruling is about tag GR-202 in FF&E - Lighting, and what this room draws in that category is GR-200, GR-201, GR-203, GR-204, GR-205, GR-207, GR-208, so the ruling has nothing here to act on
    APPLIED  ruled lines: dh_closer_a (D28), dh_lock_a (D28)
    DECLINED D29/bsq_a: out of scope for room 403 ("QQ Connecting", rooms.accessible 0); build_floor1.mjs scopes it the same way and this tool copies the predicate
    D22: GR-308 is the connector wall and stands - see room note n_d22

  FLAGS CARRIED (nothing resolved)
    FF&E 7 non-HIGH line(s): 905_a [FLAGGED] 905, gr300_a [FLAGGED] GR-300, gr308_a [FLAGGED] GR-308, gr318_a [FLAGGED] GR-318, gr322_a [FLAGGED] GR-322, hd03_a [MEDIUM] HD-03, hd08_a [MEDIUM] HD-08
    MEP  14 non-HIGH line(s): elec_lights [FLAGGED] <untagged>, elec_outlets [MEDIUM] <untagged>, fp_heads_a [MEDIUM] <untagged>, lv_phone_db [FLAGGED] <untagged>, lv_tvdata [FLAGGED] <untagged>, mech_grille_bath [FLAGGED] EAG-50, mech_grille_rm [FLAGGED] <untagged>, mech_ptac [FLAGGED] PTAC-2 / PTAC-1, plmb_fd_a [MEDIUM] FD, plmb_ksink_a [FLAGGED] SK-3 / SK-4, plmb_lavfaucet_a [FLAGGED] —, plmb_shower_a [FLAGGED] SH-1 / SH-4, plmb_trapguard_a [MEDIUM] TP, plmb_wc_a [FLAGGED] WC-3 / WC-4
    fp_heads_a: donor qty 1 NOT copied; donor mark "FP" NOT copied; line ships with no quantity and no mark, reliability MEDIUM, carrying PH-GU-001 verbatim; 2 donor FP-series citation segment(s) removed (floor-1 sheet, floor-1 total, rooms 107/108 verification) and replaced with PH-GU-001's own sheet list plus this room's floor (4)
    mech_ptac: 1 unit row(s) ITM-0496; mark "PTAC-2 / PTAC-1"; reliability FLAGGED; M401 detail 01 from this room's own row(s)

  CONFLICTS TABLE (data/project.sqlite conflicts, OPEN entries only)
    5 open entr(y/ies) touch this room: A11 [cited by own row(s) ITM-0104]; B3.1 [marks L-2, L-3, L-4, SH-1, SH-4, SK-3, SK-4]; B4.2 [marks 905]; B4.5 [marks GR-300, GR-308, GR-318, GR-322]; B5.6 [marks W4, W5]
    carried as a FLAG on 8 line(s): 905_a (905 <- B4.2[905]); gr300_a (GR-300 <- B4.5[GR-300]); gr308_a (GR-308 <- B4.5[GR-308]); gr318_a (GR-318 <- B4.5[GR-318]); gr322_a (GR-322 <- B4.5[GR-322]); plmb_ksink_a (SK-3 + SK-4 <- B3.1[SK-3,SK-4]); plmb_lavfaucet_a (L-2 + L-3 + L-4 <- B3.1[L-2,L-3,L-4]); plmb_shower_a (SH-1 + SH-4 <- B3.1[SH-1,SH-4]); every one of them is also in room note n_conflicts
    room notes seeded: n_conflicts, n_d22, n_dbroom, n_gaps, n_gategaps, n_rulings, n_type

----------------------------------------------------------------------------------------------------
ROOM 404  King Studio  (57 key(s) of this type: 104, 106, 108, 110, 112, 114, 204, 206, 208, 210, 212, 214, 216, 218, 222, 223, 224, 225, 226, 227, 229, 231, 233, 304, 306, 308, 310, 312, 314, 316, 318, 322, 323, 324, 325, 326, 327, 329, 331, 333, 404, 406, 408, 410, 412, 414, 416, 418, 422, 423, 424, 425, 426, 427, 429, 431, 433)
  doc type king-studio / "King Studio"   sheets: plan A103; room sheet A550; bath A530
  FF&E : 43 lines   [151 raw rows -> 43 gated -> 41 after 2 folds, + 2 ruled FF&E line(s)]
  MEP  : 23 lines   [77 MEP rows; 9 rough-in left off the punch; 0 deleted history row(s) in 104-MEP not copied]
  gate : 31 row(s) dropped by Austin's approved category gate (Paint / Drywall / Flooring / Doors / Stone-Surround / Wall Covering / FF&E-Misc), same as every approved floor-1 room

  DONOR USAGE - LIVE room 104 (King Studio)
    41 shared tag(s) took the donor's curated text: 901, 902, 903, 904, 905, <untagged>, GR-100, GR-101, GR-103, GR-200, GR-201, GR-202, GR-203, GR-204, GR-205, GR-301, GR-302, GR-304, GR-318, GR-319, GR-320, GR-321, GR-323, GR-400, GR-402, GR-402.1, GR-403, GR-500, GR-501, GR-502, GR-601, GR-601.1, GR-603, HD-03, HD-08, HD-12, HD-16, HD-18, HD-21, HD-22, kn 11
    0 tag(s) have NO live counterpart and ship from sqlite VERBATIM: none
    2 donor tag(s) not applicable to this type: DH-1, DH-2
    label: <untagged>: donor label extends sqlite ("Garbage disposer - Moen MGXP33C") - donor text carried
    THE DONOR MAY ENRICH, NEVER LAUNDER:
      reliability KEPT from this room's own sqlite row over the donor's on 0 line(s)
      reliability RAISED on a ruling that closes the flag for the product on 2 line(s): 902_a (902): FLAGGED -> HIGH on the ruling closure carried in the donor text; u_ce20ab6281 (<untagged>): FLAGGED -> HIGH on the ruling closure carried in the donor text
      donor text DROPPED as a reading of the donor's own drawing on 0 line(s) (quoted on the line as not carried)
    MEP text donated from 104-MEP, written for sheet A550, re-cited onto A550 - SAME SHEET, so every citation stands verbatim and no number is re-judged. The ONE exception is the
      '.1' CONNECTING plan variant, which room_types identifies as the connecting plan and which is
      dropped wherever rooms.connecting = 0 - a shared sheet is not a shared connecting plan.
      8 donor line(s) carried the DONOR's own re-point note (a fact about room 104, not this room); removed and replaced with this room's own: elec_outlets, elec_panel, elec_sink_sw, fp_smoke_a, lv_tvdata, lv_wap, mech_tstat, plmb_shower_a
      1 condensed line(s) have no row of their own in this room (carried on the donor citation): plmb_hotcold_a
      FLOOR-WRONG CITATION - fp_heads_a: 1 dropped (A121); trimmed from the cited list A120
      FLOOR-WRONG CITATION - mech_ptac: kept on this room's own row(s) M301
      FLOOR-WRONG CITATION - mech_tstat: kept on this room's own row(s) M301
      FLOOR-WRONG CITATION - plmb_fd_a: kept on this room's own row(s) P301
      FLOOR-WRONG CITATION - plmb_hotcold_a: kept on this room's own row(s) P305
      FLOOR-WRONG CITATION - plmb_trapguard_a: kept on this room's own row(s) P301
      FLOOR-WRONG CITATION - plmb_wc_a: kept (building-wide table) A100
      reliability from THIS room's own rows (never the donor's) - elec_lights: donor HIGH -> FLAGGED (worst of ITM-0014 [HIGH], ITM-0022 [FLAGGED], ITM-0023 [HIGH], ITM-0024 [HIGH], ITM-0025 [FLAGGED])
      reliability from THIS room's own rows (never the donor's) - elec_outlets: donor HIGH -> MEDIUM (worst of ITM-0017 [HIGH], ITM-0019 [HIGH], ITM-0020 [HIGH], ITM-0021 [MEDIUM])
      reliability from THIS room's own rows (never the donor's) - elec_panel: donor HIGH -> HIGH (worst of ITM-0001 [HIGH], ITM-0002 [HIGH], ITM-0003 [HIGH], ITM-0004 [HIGH], ITM-0005 [HIGH], ITM-0006 [HIGH], ITM-0007 [HIGH], ITM-0008 [HIGH], ITM-0009 [HIGH], ITM-0010 [HIGH], ITM-0011 [HIGH], ITM-0012 [HIGH], ITM-0013 [HIGH])
      reliability from THIS room's own rows (never the donor's) - lv_phone_db: donor HIGH -> FLAGGED (worst of ITM-0028 [HIGH], ITM-0031 [FLAGGED])
      reliability from THIS room's own rows (never the donor's) - lv_tvdata: donor HIGH -> FLAGGED (worst of ITM-0027 [HIGH], ITM-0029 [HIGH], ITM-0030 [FLAGGED])
      reliability from THIS room's own rows (never the donor's) - mech_grille_bath: donor HIGH -> FLAGGED (worst of ITM-0062 [HIGH], ITM-0063 [HIGH], ITM-0064 [MEDIUM], ITM-0065 [FLAGGED], ITM-0066 [MEDIUM], ITM-0067 [HIGH], ITM-0068 [HIGH], ITM-0069 [MEDIUM], ITM-0070 [FLAGGED])
      reliability from THIS room's own rows (never the donor's) - mech_grille_rm: donor HIGH -> FLAGGED (worst of ITM-0053 [FLAGGED])
      reliability from THIS room's own rows (never the donor's) - mech_ptac: donor HIGH -> MEDIUM (worst of ITM-0152 [MEDIUM], ITM-0048 [HIGH], ITM-0052 [HIGH], ITM-0054 [HIGH], ITM-0055 [HIGH], ITM-0056 [MEDIUM], ITM-0057 [HIGH], ITM-0058 [HIGH], ITM-0061 [MEDIUM])
      reliability from THIS room's own rows (never the donor's) - mech_tstat: donor HIGH -> HIGH (worst of ITM-0018 [HIGH], ITM-0059 [HIGH], ITM-0060 [HIGH])
      reliability from THIS room's own rows (never the donor's) - plmb_fd_a: donor HIGH -> MEDIUM (worst of ITM-0046 [MEDIUM])
      reliability from THIS room's own rows (never the donor's) - plmb_ksink_a: donor HIGH -> FLAGGED (worst of ITM-0051 [FLAGGED])
      reliability from THIS room's own rows (never the donor's) - plmb_lavfaucet_a: donor HIGH -> FLAGGED (worst of ITM-0043 [HIGH], ITM-0044 [HIGH], ITM-0045 [FLAGGED])
      reliability from THIS room's own rows (never the donor's) - plmb_shower_a: donor HIGH -> HIGH (worst of ITM-0150 [HIGH])
      reliability from THIS room's own rows (never the donor's) - plmb_trapguard_a: donor HIGH -> MEDIUM (worst of ITM-0047 [MEDIUM])
      reliability from THIS room's own rows (never the donor's) - plmb_wc_a: donor HIGH -> FLAGGED (worst of ITM-0039 [HIGH], ITM-0042 [FLAGGED])
      placed by product identity: ITM-0150 -> plmb_shower_a (floor-1 variant slot, MEP_VARIANT_SLOTS - the placement build_floor1 used)
      placed by product identity: ITM-0151 -> plmb_shencl_a (floor-1 variant slot, MEP_VARIANT_SLOTS - the placement build_floor1 used)
      placed by product identity: ITM-0152 -> mech_ptac (floor-1 variant slot, MEP_VARIANT_SLOTS - the placement build_floor1 used)
      placed by product identity: ITM-0156 -> fp_heads_a (floor-1 variant slot, MEP_VARIANT_SLOTS - the placement build_floor1 used)
      placed by product identity: ITM-0157 -> fp_heads_a (floor-1 variant slot, MEP_VARIANT_SLOTS - the placement build_floor1 used)
      placed by product identity: ITM-0158 -> fp_heads_a (floor-1 variant slot, MEP_VARIANT_SLOTS - the placement build_floor1 used)

  RULINGS
    APPLIED  D20 on GR-202: the ruling RESTATES the fold (sqlite already draws 2) and changes nothing - room type "King Studio" is a King-family key, which is the set D20 was ruled on
    DECLINED D12 on GR-322 - the ruling is about tag GR-322 in FF&E - Casegoods, and what this room draws in that category is GR-301, GR-302, GR-304, GR-318, GR-319, GR-320, GR-321, GR-323, so the ruling has nothing here to act on
    APPLIED  ruled lines: dh_closer_a (D28), dh_lock_a (D28)
    DECLINED D29/bsq_a: out of scope for room 404 ("King Studio", rooms.accessible 0); build_floor1.mjs scopes it the same way and this tool copies the predicate

  FLAGS CARRIED (nothing resolved)
    FF&E 5 non-HIGH line(s): 905_a [FLAGGED] 905, gr318_a [FLAGGED] GR-318, gr323_a [FLAGGED] GR-323, hd03_a [MEDIUM] HD-03, hd08_a [MEDIUM] HD-08
    MEP  13 non-HIGH line(s): elec_lights [FLAGGED] <untagged>, elec_outlets [MEDIUM] <untagged>, lv_phone_db [FLAGGED] <untagged>, lv_tvdata [FLAGGED] <untagged>, mech_grille_bath [FLAGGED] EAG-50, mech_grille_rm [FLAGGED] <untagged>, mech_ptac [MEDIUM] PTAC-1, plmb_fd_a [MEDIUM] FD, plmb_ksink_a [FLAGGED] SK-3 / SK-4, plmb_lavfaucet_a [FLAGGED] —, plmb_shower_a [FLAGGED] SH-1 / SH-4, plmb_trapguard_a [MEDIUM] TP, plmb_wc_a [FLAGGED] WC-3 / WC-4
    fp_heads_a: 3 room-specific sprinkler head row(s) carried (ITM-0156, ITM-0157, ITM-0158); donor floor-1 head total removed; reliability HIGH
    mech_ptac: 1 unit row(s) ITM-0152; mark "PTAC-1"; reliability HIGH; donor's own-row resolution removed

  CONFLICTS TABLE (data/project.sqlite conflicts, OPEN entries only)
    5 open entr(y/ies) touch this room: A11 [cited by own row(s) ITM-0101]; B3.1 [marks L-2, L-3, L-4, SH-1, SH-4, SK-3, SK-4]; B4.2 [marks 905]; B4.5 [marks GR-318, GR-323]; B5.6 [marks W4, W5]
    carried as a FLAG on 6 line(s): 905_a (905 <- B4.2[905]); gr318_a (GR-318 <- B4.5[GR-318]); gr323_a (GR-323 <- B4.5[GR-323]); plmb_ksink_a (SK-3 + SK-4 <- B3.1[SK-3,SK-4]); plmb_lavfaucet_a (L-2 + L-3 + L-4 <- B3.1[L-2,L-3,L-4]); plmb_shower_a (SH-1 + SH-4 <- B3.1[SH-1,SH-4]); every one of them is also in room note n_conflicts
    room notes seeded: n_conflicts, n_gaps, n_gategaps, n_rulings, n_type, n_typearea

----------------------------------------------------------------------------------------------------
ROOM 405  Queen-Queen  (31 key(s) of this type: 105, 107, 109, 111, 113, 115, 203, 205, 207, 209, 211, 213, 228, 234, 303, 305, 307, 309, 311, 313, 315, 328, 334, 405, 407, 409, 411, 413, 415, 428, 434)
  doc type queen-queen / "Queen-Queen"   sheets: plan A103; room sheet A555; bath A530
  FF&E : 42 lines   [154 raw rows -> 46 gated -> 40 after 6 folds, + 2 ruled FF&E line(s)]
  MEP  : 23 lines   [77 MEP rows; 9 rough-in left off the punch; 77 deleted history row(s) in 105-MEP not copied]
  gate : 31 row(s) dropped by Austin's approved category gate (Paint / Drywall / Flooring / Doors / Stone-Surround / Wall Covering / FF&E-Misc), same as every approved floor-1 room

  DONOR USAGE - LIVE room 105 (Queen-Queen)
    39 shared tag(s) took the donor's curated text: 901, 902, 903, 904, 905, <untagged>, GR-100, GR-101, GR-103, GR-200, GR-201, GR-203, GR-204, GR-205, GR-207, GR-208, GR-300, GR-302, GR-318, GR-321, GR-322, GR-400, GR-402, GR-402.1, GR-403, GR-500, GR-501, GR-502, GR-600, GR-600.1, GR-602, HD-03, HD-08, HD-12, HD-16, HD-18, HD-21, HD-22, kn 11
    1 tag(s) have NO live counterpart and ship from sqlite VERBATIM: GR-308 [FLAGGED]
    3 donor tag(s) not applicable to this type: DH-1, DH-2, GR-305
    1 RETIRED donor line(s) skipped - a tombstone is not a source
    label: <untagged>: donor label extends sqlite ("Garbage disposer - Moen MGXP33C") - donor text carried
    THE DONOR MAY ENRICH, NEVER LAUNDER:
      reliability KEPT from this room's own sqlite row over the donor's on 0 line(s)
      reliability RAISED on a ruling that closes the flag for the product on 2 line(s): 902_a (902): FLAGGED -> HIGH on the ruling closure carried in the donor text; u_ce20ab6281 (<untagged>): FLAGGED -> HIGH on the ruling closure carried in the donor text
      donor text DROPPED as a reading of the donor's own drawing on 0 line(s) (quoted on the line as not carried)
    MEP text donated from 105-MEP, written for sheet A555, re-cited onto A555 - SAME SHEET, so every citation stands verbatim and no number is re-judged. The ONE exception is the
      '.1' CONNECTING plan variant, which room_types identifies as the connecting plan and which is
      dropped wherever rooms.connecting = 0 - a shared sheet is not a shared connecting plan.
      CONNECTING plan reference(s) dropped on a NON-connecting room (rooms.connecting = 0), and the line
      says so: elec_outlets, elec_panel, elec_sink_sw, lv_tvdata, lv_wap
      1 condensed line(s) have no row of their own in this room (carried on the donor citation): plmb_hotcold_a
      FLOOR-WRONG CITATION - fp_heads_a: 1 dropped (A121); trimmed from the cited list A120
      FLOOR-WRONG CITATION - mech_ptac: kept on this room's own row(s) M301
      FLOOR-WRONG CITATION - mech_tstat: kept on this room's own row(s) M301
      FLOOR-WRONG CITATION - plmb_fd_a: kept on this room's own row(s) P301
      FLOOR-WRONG CITATION - plmb_hotcold_a: kept on this room's own row(s) P305
      FLOOR-WRONG CITATION - plmb_trapguard_a: kept on this room's own row(s) P301
      FLOOR-WRONG CITATION - plmb_wc_a: kept (building-wide table) A100
      reliability from THIS room's own rows (never the donor's) - elec_lights: donor HIGH -> FLAGGED (worst of ITM-0014 [HIGH], ITM-0022 [FLAGGED], ITM-0023 [HIGH], ITM-0024 [HIGH], ITM-0025 [FLAGGED])
      reliability from THIS room's own rows (never the donor's) - elec_outlets: donor HIGH -> MEDIUM (worst of ITM-0017 [HIGH], ITM-0019 [HIGH], ITM-0020 [HIGH], ITM-0021 [MEDIUM])
      reliability from THIS room's own rows (never the donor's) - elec_panel: donor HIGH -> HIGH (worst of ITM-0001 [HIGH], ITM-0002 [HIGH], ITM-0003 [HIGH], ITM-0004 [HIGH], ITM-0005 [HIGH], ITM-0006 [HIGH], ITM-0007 [HIGH], ITM-0008 [HIGH], ITM-0009 [HIGH], ITM-0010 [HIGH], ITM-0011 [HIGH], ITM-0012 [HIGH], ITM-0013 [HIGH])
      reliability from THIS room's own rows (never the donor's) - lv_phone_db: donor HIGH -> FLAGGED (worst of ITM-0028 [HIGH], ITM-0031 [FLAGGED])
      reliability from THIS room's own rows (never the donor's) - lv_tvdata: donor HIGH -> FLAGGED (worst of ITM-0027 [HIGH], ITM-0029 [HIGH], ITM-0030 [FLAGGED])
      reliability from THIS room's own rows (never the donor's) - mech_grille_bath: donor HIGH -> FLAGGED (worst of ITM-0062 [HIGH], ITM-0063 [HIGH], ITM-0064 [MEDIUM], ITM-0065 [FLAGGED], ITM-0066 [MEDIUM], ITM-0067 [HIGH], ITM-0068 [HIGH], ITM-0069 [MEDIUM], ITM-0070 [FLAGGED])
      reliability from THIS room's own rows (never the donor's) - mech_grille_rm: donor HIGH -> FLAGGED (worst of ITM-0053 [FLAGGED])
      reliability from THIS room's own rows (never the donor's) - mech_ptac: donor HIGH -> FLAGGED (worst of ITM-0443 [FLAGGED], ITM-0048 [HIGH], ITM-0052 [HIGH], ITM-0054 [HIGH], ITM-0055 [HIGH], ITM-0056 [MEDIUM], ITM-0057 [HIGH], ITM-0058 [HIGH], ITM-0061 [MEDIUM])
      reliability from THIS room's own rows (never the donor's) - mech_tstat: donor HIGH -> HIGH (worst of ITM-0018 [HIGH], ITM-0059 [HIGH], ITM-0060 [HIGH])
      reliability from THIS room's own rows (never the donor's) - plmb_fd_a: donor HIGH -> MEDIUM (worst of ITM-0046 [MEDIUM])
      reliability from THIS room's own rows (never the donor's) - plmb_ksink_a: donor HIGH -> FLAGGED (worst of ITM-0051 [FLAGGED])
      reliability from THIS room's own rows (never the donor's) - plmb_lavfaucet_a: donor HIGH -> FLAGGED (worst of ITM-0043 [HIGH], ITM-0044 [HIGH], ITM-0045 [FLAGGED])
      reliability from THIS room's own rows (never the donor's) - plmb_shower_a: donor HIGH -> HIGH (worst of ITM-0441 [HIGH])
      reliability from THIS room's own rows (never the donor's) - plmb_trapguard_a: donor HIGH -> MEDIUM (worst of ITM-0047 [MEDIUM])
      reliability from THIS room's own rows (never the donor's) - plmb_wc_a: donor HIGH -> FLAGGED (worst of ITM-0039 [HIGH], ITM-0042 [FLAGGED])

  RULINGS
    APPLIED  D12 on GR-322: qty 1 -> 3, and the line note says so - this room tags the nightstand family once (GR-322 only) and carries 2 queen bed(s), which is exactly the case D12 was ruled on
    DECLINED D20 on GR-202 - the ruling is about tag GR-202 in FF&E - Lighting, and what this room draws in that category is GR-200, GR-201, GR-203, GR-204, GR-205, GR-207, GR-208, so the ruling has nothing here to act on
    APPLIED  ruled lines: dh_closer_a (D28), dh_lock_a (D28)
    DECLINED D29/bsq_a: out of scope for room 405 ("Queen-Queen", rooms.accessible 0); build_floor1.mjs scopes it the same way and this tool copies the predicate
    D22: NO CORRECTION ON FLOOR 4 - the 4th Floor FF&E Installation tab does not reconcile; GR-308 carried as transcribed, OPEN for Austin - see room note n_d22

  FLAGS CARRIED (nothing resolved)
    FF&E 7 non-HIGH line(s): 905_a [FLAGGED] 905, gr300_a [FLAGGED] GR-300, gr308_a [FLAGGED] GR-308, gr318_a [FLAGGED] GR-318, gr322_a [FLAGGED] GR-322, hd03_a [MEDIUM] HD-03, hd08_a [MEDIUM] HD-08
    MEP  13 non-HIGH line(s): elec_lights [FLAGGED] <untagged>, elec_outlets [MEDIUM] <untagged>, lv_phone_db [FLAGGED] <untagged>, lv_tvdata [FLAGGED] <untagged>, mech_grille_bath [FLAGGED] EAG-50, mech_grille_rm [FLAGGED] <untagged>, mech_ptac [FLAGGED] PTAC, plmb_fd_a [MEDIUM] FD, plmb_ksink_a [FLAGGED] SK-3 / SK-4, plmb_lavfaucet_a [FLAGGED] —, plmb_shower_a [FLAGGED] SH-1 / SH-4, plmb_trapguard_a [MEDIUM] TP, plmb_wc_a [FLAGGED] WC-3 / WC-4
    fp_heads_a: 3 room-specific sprinkler head row(s) carried (ITM-0447, ITM-0448, ITM-0449); donor floor-1 head total removed; reliability HIGH

  CONFLICTS TABLE (data/project.sqlite conflicts, OPEN entries only)
    7 open entr(y/ies) touch this room: A11 [keys 115] [cited by own row(s) ITM-0103]; B3.1 [marks L-2, L-3, L-4, SH-1, SH-4, SK-3, SK-4]; B4.2 [marks 905]; B4.5 [marks GR-300, GR-308, GR-318, GR-322]; B5.3 [keys 115]; B5.4 [keys 115]; B5.6 [marks W4, W5]
    carried as a FLAG on 8 line(s): 905_a (905 <- B4.2[905]); gr300_a (GR-300 <- B4.5[GR-300]); gr308_a (GR-308 <- B4.5[GR-308]); gr318_a (GR-318 <- B4.5[GR-318]); gr322_a (GR-322 <- B4.5[GR-322]); plmb_ksink_a (SK-3 + SK-4 <- B3.1[SK-3,SK-4]); plmb_lavfaucet_a (L-2 + L-3 + L-4 <- B3.1[L-2,L-3,L-4]); plmb_shower_a (SH-1 + SH-4 <- B3.1[SH-1,SH-4]); every one of them is also in room note n_conflicts
    room notes seeded: n_conflicts, n_d22, n_gaps, n_gategaps, n_rulings, n_type

----------------------------------------------------------------------------------------------------
ROOM 406  King Studio  (57 key(s) of this type: 104, 106, 108, 110, 112, 114, 204, 206, 208, 210, 212, 214, 216, 218, 222, 223, 224, 225, 226, 227, 229, 231, 233, 304, 306, 308, 310, 312, 314, 316, 318, 322, 323, 324, 325, 326, 327, 329, 331, 333, 404, 406, 408, 410, 412, 414, 416, 418, 422, 423, 424, 425, 426, 427, 429, 431, 433)
  doc type king-studio / "King Studio"   sheets: plan A103; room sheet A550; bath A530
  FF&E : 43 lines   [151 raw rows -> 43 gated -> 41 after 2 folds, + 2 ruled FF&E line(s)]
  MEP  : 23 lines   [77 MEP rows; 9 rough-in left off the punch; 0 deleted history row(s) in 104-MEP not copied]
  gate : 31 row(s) dropped by Austin's approved category gate (Paint / Drywall / Flooring / Doors / Stone-Surround / Wall Covering / FF&E-Misc), same as every approved floor-1 room

  DONOR USAGE - LIVE room 104 (King Studio)
    41 shared tag(s) took the donor's curated text: 901, 902, 903, 904, 905, <untagged>, GR-100, GR-101, GR-103, GR-200, GR-201, GR-202, GR-203, GR-204, GR-205, GR-301, GR-302, GR-304, GR-318, GR-319, GR-320, GR-321, GR-323, GR-400, GR-402, GR-402.1, GR-403, GR-500, GR-501, GR-502, GR-601, GR-601.1, GR-603, HD-03, HD-08, HD-12, HD-16, HD-18, HD-21, HD-22, kn 11
    0 tag(s) have NO live counterpart and ship from sqlite VERBATIM: none
    2 donor tag(s) not applicable to this type: DH-1, DH-2
    label: <untagged>: donor label extends sqlite ("Garbage disposer - Moen MGXP33C") - donor text carried
    THE DONOR MAY ENRICH, NEVER LAUNDER:
      reliability KEPT from this room's own sqlite row over the donor's on 0 line(s)
      reliability RAISED on a ruling that closes the flag for the product on 2 line(s): 902_a (902): FLAGGED -> HIGH on the ruling closure carried in the donor text; u_ce20ab6281 (<untagged>): FLAGGED -> HIGH on the ruling closure carried in the donor text
      donor text DROPPED as a reading of the donor's own drawing on 0 line(s) (quoted on the line as not carried)
    MEP text donated from 104-MEP, written for sheet A550, re-cited onto A550 - SAME SHEET, so every citation stands verbatim and no number is re-judged. The ONE exception is the
      '.1' CONNECTING plan variant, which room_types identifies as the connecting plan and which is
      dropped wherever rooms.connecting = 0 - a shared sheet is not a shared connecting plan.
      8 donor line(s) carried the DONOR's own re-point note (a fact about room 104, not this room); removed and replaced with this room's own: elec_outlets, elec_panel, elec_sink_sw, fp_smoke_a, lv_tvdata, lv_wap, mech_tstat, plmb_shower_a
      1 condensed line(s) have no row of their own in this room (carried on the donor citation): plmb_hotcold_a
      FLOOR-WRONG CITATION - fp_heads_a: 1 dropped (A121); trimmed from the cited list A120
      FLOOR-WRONG CITATION - mech_ptac: kept on this room's own row(s) M301
      FLOOR-WRONG CITATION - mech_tstat: kept on this room's own row(s) M301
      FLOOR-WRONG CITATION - plmb_fd_a: kept on this room's own row(s) P301
      FLOOR-WRONG CITATION - plmb_hotcold_a: kept on this room's own row(s) P305
      FLOOR-WRONG CITATION - plmb_trapguard_a: kept on this room's own row(s) P301
      FLOOR-WRONG CITATION - plmb_wc_a: kept (building-wide table) A100
      reliability from THIS room's own rows (never the donor's) - elec_lights: donor HIGH -> FLAGGED (worst of ITM-0014 [HIGH], ITM-0022 [FLAGGED], ITM-0023 [HIGH], ITM-0024 [HIGH], ITM-0025 [FLAGGED])
      reliability from THIS room's own rows (never the donor's) - elec_outlets: donor HIGH -> MEDIUM (worst of ITM-0017 [HIGH], ITM-0019 [HIGH], ITM-0020 [HIGH], ITM-0021 [MEDIUM])
      reliability from THIS room's own rows (never the donor's) - elec_panel: donor HIGH -> HIGH (worst of ITM-0001 [HIGH], ITM-0002 [HIGH], ITM-0003 [HIGH], ITM-0004 [HIGH], ITM-0005 [HIGH], ITM-0006 [HIGH], ITM-0007 [HIGH], ITM-0008 [HIGH], ITM-0009 [HIGH], ITM-0010 [HIGH], ITM-0011 [HIGH], ITM-0012 [HIGH], ITM-0013 [HIGH])
      reliability from THIS room's own rows (never the donor's) - lv_phone_db: donor HIGH -> FLAGGED (worst of ITM-0028 [HIGH], ITM-0031 [FLAGGED])
      reliability from THIS room's own rows (never the donor's) - lv_tvdata: donor HIGH -> FLAGGED (worst of ITM-0027 [HIGH], ITM-0029 [HIGH], ITM-0030 [FLAGGED])
      reliability from THIS room's own rows (never the donor's) - mech_grille_bath: donor HIGH -> FLAGGED (worst of ITM-0062 [HIGH], ITM-0063 [HIGH], ITM-0064 [MEDIUM], ITM-0065 [FLAGGED], ITM-0066 [MEDIUM], ITM-0067 [HIGH], ITM-0068 [HIGH], ITM-0069 [MEDIUM], ITM-0070 [FLAGGED])
      reliability from THIS room's own rows (never the donor's) - mech_grille_rm: donor HIGH -> FLAGGED (worst of ITM-0053 [FLAGGED])
      reliability from THIS room's own rows (never the donor's) - mech_ptac: donor HIGH -> MEDIUM (worst of ITM-0152 [MEDIUM], ITM-0048 [HIGH], ITM-0052 [HIGH], ITM-0054 [HIGH], ITM-0055 [HIGH], ITM-0056 [MEDIUM], ITM-0057 [HIGH], ITM-0058 [HIGH], ITM-0061 [MEDIUM])
      reliability from THIS room's own rows (never the donor's) - mech_tstat: donor HIGH -> HIGH (worst of ITM-0018 [HIGH], ITM-0059 [HIGH], ITM-0060 [HIGH])
      reliability from THIS room's own rows (never the donor's) - plmb_fd_a: donor HIGH -> MEDIUM (worst of ITM-0046 [MEDIUM])
      reliability from THIS room's own rows (never the donor's) - plmb_ksink_a: donor HIGH -> FLAGGED (worst of ITM-0051 [FLAGGED])
      reliability from THIS room's own rows (never the donor's) - plmb_lavfaucet_a: donor HIGH -> FLAGGED (worst of ITM-0043 [HIGH], ITM-0044 [HIGH], ITM-0045 [FLAGGED])
      reliability from THIS room's own rows (never the donor's) - plmb_shower_a: donor HIGH -> HIGH (worst of ITM-0150 [HIGH])
      reliability from THIS room's own rows (never the donor's) - plmb_trapguard_a: donor HIGH -> MEDIUM (worst of ITM-0047 [MEDIUM])
      reliability from THIS room's own rows (never the donor's) - plmb_wc_a: donor HIGH -> FLAGGED (worst of ITM-0039 [HIGH], ITM-0042 [FLAGGED])
      placed by product identity: ITM-0150 -> plmb_shower_a (floor-1 variant slot, MEP_VARIANT_SLOTS - the placement build_floor1 used)
      placed by product identity: ITM-0151 -> plmb_shencl_a (floor-1 variant slot, MEP_VARIANT_SLOTS - the placement build_floor1 used)
      placed by product identity: ITM-0152 -> mech_ptac (floor-1 variant slot, MEP_VARIANT_SLOTS - the placement build_floor1 used)
      placed by product identity: ITM-0156 -> fp_heads_a (floor-1 variant slot, MEP_VARIANT_SLOTS - the placement build_floor1 used)
      placed by product identity: ITM-0157 -> fp_heads_a (floor-1 variant slot, MEP_VARIANT_SLOTS - the placement build_floor1 used)
      placed by product identity: ITM-0158 -> fp_heads_a (floor-1 variant slot, MEP_VARIANT_SLOTS - the placement build_floor1 used)

  RULINGS
    APPLIED  D20 on GR-202: the ruling RESTATES the fold (sqlite already draws 2) and changes nothing - room type "King Studio" is a King-family key, which is the set D20 was ruled on
    DECLINED D12 on GR-322 - the ruling is about tag GR-322 in FF&E - Casegoods, and what this room draws in that category is GR-301, GR-302, GR-304, GR-318, GR-319, GR-320, GR-321, GR-323, so the ruling has nothing here to act on
    APPLIED  ruled lines: dh_closer_a (D28), dh_lock_a (D28)
    DECLINED D29/bsq_a: out of scope for room 406 ("King Studio", rooms.accessible 0); build_floor1.mjs scopes it the same way and this tool copies the predicate

  FLAGS CARRIED (nothing resolved)
    FF&E 5 non-HIGH line(s): 905_a [FLAGGED] 905, gr318_a [FLAGGED] GR-318, gr323_a [FLAGGED] GR-323, hd03_a [MEDIUM] HD-03, hd08_a [MEDIUM] HD-08
    MEP  13 non-HIGH line(s): elec_lights [FLAGGED] <untagged>, elec_outlets [MEDIUM] <untagged>, lv_phone_db [FLAGGED] <untagged>, lv_tvdata [FLAGGED] <untagged>, mech_grille_bath [FLAGGED] EAG-50, mech_grille_rm [FLAGGED] <untagged>, mech_ptac [MEDIUM] PTAC-1, plmb_fd_a [MEDIUM] FD, plmb_ksink_a [FLAGGED] SK-3 / SK-4, plmb_lavfaucet_a [FLAGGED] —, plmb_shower_a [FLAGGED] SH-1 / SH-4, plmb_trapguard_a [MEDIUM] TP, plmb_wc_a [FLAGGED] WC-3 / WC-4
    fp_heads_a: 3 room-specific sprinkler head row(s) carried (ITM-0156, ITM-0157, ITM-0158); donor floor-1 head total removed; reliability HIGH
    mech_ptac: 1 unit row(s) ITM-0152; mark "PTAC-1"; reliability HIGH; donor's own-row resolution removed

  CONFLICTS TABLE (data/project.sqlite conflicts, OPEN entries only)
    5 open entr(y/ies) touch this room: A11 [cited by own row(s) ITM-0101]; B3.1 [marks L-2, L-3, L-4, SH-1, SH-4, SK-3, SK-4]; B4.2 [marks 905]; B4.5 [marks GR-318, GR-323]; B5.6 [marks W4, W5]
    carried as a FLAG on 6 line(s): 905_a (905 <- B4.2[905]); gr318_a (GR-318 <- B4.5[GR-318]); gr323_a (GR-323 <- B4.5[GR-323]); plmb_ksink_a (SK-3 + SK-4 <- B3.1[SK-3,SK-4]); plmb_lavfaucet_a (L-2 + L-3 + L-4 <- B3.1[L-2,L-3,L-4]); plmb_shower_a (SH-1 + SH-4 <- B3.1[SH-1,SH-4]); every one of them is also in room note n_conflicts
    room notes seeded: n_conflicts, n_gaps, n_gategaps, n_rulings, n_type, n_typearea

----------------------------------------------------------------------------------------------------
ROOM 407  Queen-Queen  (31 key(s) of this type: 105, 107, 109, 111, 113, 115, 203, 205, 207, 209, 211, 213, 228, 234, 303, 305, 307, 309, 311, 313, 315, 328, 334, 405, 407, 409, 411, 413, 415, 428, 434)
  doc type queen-queen / "Queen-Queen"   sheets: plan A103; room sheet A555; bath A530
  FF&E : 42 lines   [154 raw rows -> 46 gated -> 40 after 6 folds, + 2 ruled FF&E line(s)]
  MEP  : 23 lines   [77 MEP rows; 9 rough-in left off the punch; 77 deleted history row(s) in 105-MEP not copied]
  gate : 31 row(s) dropped by Austin's approved category gate (Paint / Drywall / Flooring / Doors / Stone-Surround / Wall Covering / FF&E-Misc), same as every approved floor-1 room

  DONOR USAGE - LIVE room 105 (Queen-Queen)
    39 shared tag(s) took the donor's curated text: 901, 902, 903, 904, 905, <untagged>, GR-100, GR-101, GR-103, GR-200, GR-201, GR-203, GR-204, GR-205, GR-207, GR-208, GR-300, GR-302, GR-318, GR-321, GR-322, GR-400, GR-402, GR-402.1, GR-403, GR-500, GR-501, GR-502, GR-600, GR-600.1, GR-602, HD-03, HD-08, HD-12, HD-16, HD-18, HD-21, HD-22, kn 11
    1 tag(s) have NO live counterpart and ship from sqlite VERBATIM: GR-308 [FLAGGED]
    3 donor tag(s) not applicable to this type: DH-1, DH-2, GR-305
    1 RETIRED donor line(s) skipped - a tombstone is not a source
    label: <untagged>: donor label extends sqlite ("Garbage disposer - Moen MGXP33C") - donor text carried
    THE DONOR MAY ENRICH, NEVER LAUNDER:
      reliability KEPT from this room's own sqlite row over the donor's on 0 line(s)
      reliability RAISED on a ruling that closes the flag for the product on 2 line(s): 902_a (902): FLAGGED -> HIGH on the ruling closure carried in the donor text; u_ce20ab6281 (<untagged>): FLAGGED -> HIGH on the ruling closure carried in the donor text
      donor text DROPPED as a reading of the donor's own drawing on 0 line(s) (quoted on the line as not carried)
    MEP text donated from 105-MEP, written for sheet A555, re-cited onto A555 - SAME SHEET, so every citation stands verbatim and no number is re-judged. The ONE exception is the
      '.1' CONNECTING plan variant, which room_types identifies as the connecting plan and which is
      dropped wherever rooms.connecting = 0 - a shared sheet is not a shared connecting plan.
      CONNECTING plan reference(s) dropped on a NON-connecting room (rooms.connecting = 0), and the line
      says so: elec_outlets, elec_panel, elec_sink_sw, lv_tvdata, lv_wap
      1 condensed line(s) have no row of their own in this room (carried on the donor citation): plmb_hotcold_a
      FLOOR-WRONG CITATION - fp_heads_a: 1 dropped (A121); trimmed from the cited list A120
      FLOOR-WRONG CITATION - mech_ptac: kept on this room's own row(s) M301
      FLOOR-WRONG CITATION - mech_tstat: kept on this room's own row(s) M301
      FLOOR-WRONG CITATION - plmb_fd_a: kept on this room's own row(s) P301
      FLOOR-WRONG CITATION - plmb_hotcold_a: kept on this room's own row(s) P305
      FLOOR-WRONG CITATION - plmb_trapguard_a: kept on this room's own row(s) P301
      FLOOR-WRONG CITATION - plmb_wc_a: kept (building-wide table) A100
      reliability from THIS room's own rows (never the donor's) - elec_lights: donor HIGH -> FLAGGED (worst of ITM-0014 [HIGH], ITM-0022 [FLAGGED], ITM-0023 [HIGH], ITM-0024 [HIGH], ITM-0025 [FLAGGED])
      reliability from THIS room's own rows (never the donor's) - elec_outlets: donor HIGH -> MEDIUM (worst of ITM-0017 [HIGH], ITM-0019 [HIGH], ITM-0020 [HIGH], ITM-0021 [MEDIUM])
      reliability from THIS room's own rows (never the donor's) - elec_panel: donor HIGH -> HIGH (worst of ITM-0001 [HIGH], ITM-0002 [HIGH], ITM-0003 [HIGH], ITM-0004 [HIGH], ITM-0005 [HIGH], ITM-0006 [HIGH], ITM-0007 [HIGH], ITM-0008 [HIGH], ITM-0009 [HIGH], ITM-0010 [HIGH], ITM-0011 [HIGH], ITM-0012 [HIGH], ITM-0013 [HIGH])
      reliability from THIS room's own rows (never the donor's) - lv_phone_db: donor HIGH -> FLAGGED (worst of ITM-0028 [HIGH], ITM-0031 [FLAGGED])
      reliability from THIS room's own rows (never the donor's) - lv_tvdata: donor HIGH -> FLAGGED (worst of ITM-0027 [HIGH], ITM-0029 [HIGH], ITM-0030 [FLAGGED])
      reliability from THIS room's own rows (never the donor's) - mech_grille_bath: donor HIGH -> FLAGGED (worst of ITM-0062 [HIGH], ITM-0063 [HIGH], ITM-0064 [MEDIUM], ITM-0065 [FLAGGED], ITM-0066 [MEDIUM], ITM-0067 [HIGH], ITM-0068 [HIGH], ITM-0069 [MEDIUM], ITM-0070 [FLAGGED])
      reliability from THIS room's own rows (never the donor's) - mech_grille_rm: donor HIGH -> FLAGGED (worst of ITM-0053 [FLAGGED])
      reliability from THIS room's own rows (never the donor's) - mech_ptac: donor HIGH -> FLAGGED (worst of ITM-0443 [FLAGGED], ITM-0048 [HIGH], ITM-0052 [HIGH], ITM-0054 [HIGH], ITM-0055 [HIGH], ITM-0056 [MEDIUM], ITM-0057 [HIGH], ITM-0058 [HIGH], ITM-0061 [MEDIUM])
      reliability from THIS room's own rows (never the donor's) - mech_tstat: donor HIGH -> HIGH (worst of ITM-0018 [HIGH], ITM-0059 [HIGH], ITM-0060 [HIGH])
      reliability from THIS room's own rows (never the donor's) - plmb_fd_a: donor HIGH -> MEDIUM (worst of ITM-0046 [MEDIUM])
      reliability from THIS room's own rows (never the donor's) - plmb_ksink_a: donor HIGH -> FLAGGED (worst of ITM-0051 [FLAGGED])
      reliability from THIS room's own rows (never the donor's) - plmb_lavfaucet_a: donor HIGH -> FLAGGED (worst of ITM-0043 [HIGH], ITM-0044 [HIGH], ITM-0045 [FLAGGED])
      reliability from THIS room's own rows (never the donor's) - plmb_shower_a: donor HIGH -> HIGH (worst of ITM-0441 [HIGH])
      reliability from THIS room's own rows (never the donor's) - plmb_trapguard_a: donor HIGH -> MEDIUM (worst of ITM-0047 [MEDIUM])
      reliability from THIS room's own rows (never the donor's) - plmb_wc_a: donor HIGH -> FLAGGED (worst of ITM-0039 [HIGH], ITM-0042 [FLAGGED])

  RULINGS
    APPLIED  D12 on GR-322: qty 1 -> 3, and the line note says so - this room tags the nightstand family once (GR-322 only) and carries 2 queen bed(s), which is exactly the case D12 was ruled on
    DECLINED D20 on GR-202 - the ruling is about tag GR-202 in FF&E - Lighting, and what this room draws in that category is GR-200, GR-201, GR-203, GR-204, GR-205, GR-207, GR-208, so the ruling has nothing here to act on
    APPLIED  ruled lines: dh_closer_a (D28), dh_lock_a (D28)
    DECLINED D29/bsq_a: out of scope for room 407 ("Queen-Queen", rooms.accessible 0); build_floor1.mjs scopes it the same way and this tool copies the predicate
    D22: NO CORRECTION ON FLOOR 4 - the 4th Floor FF&E Installation tab does not reconcile; GR-308 carried as transcribed, OPEN for Austin - see room note n_d22

  FLAGS CARRIED (nothing resolved)
    FF&E 7 non-HIGH line(s): 905_a [FLAGGED] 905, gr300_a [FLAGGED] GR-300, gr308_a [FLAGGED] GR-308, gr318_a [FLAGGED] GR-318, gr322_a [FLAGGED] GR-322, hd03_a [MEDIUM] HD-03, hd08_a [MEDIUM] HD-08
    MEP  13 non-HIGH line(s): elec_lights [FLAGGED] <untagged>, elec_outlets [MEDIUM] <untagged>, lv_phone_db [FLAGGED] <untagged>, lv_tvdata [FLAGGED] <untagged>, mech_grille_bath [FLAGGED] EAG-50, mech_grille_rm [FLAGGED] <untagged>, mech_ptac [FLAGGED] PTAC, plmb_fd_a [MEDIUM] FD, plmb_ksink_a [FLAGGED] SK-3 / SK-4, plmb_lavfaucet_a [FLAGGED] —, plmb_shower_a [FLAGGED] SH-1 / SH-4, plmb_trapguard_a [MEDIUM] TP, plmb_wc_a [FLAGGED] WC-3 / WC-4
    fp_heads_a: 3 room-specific sprinkler head row(s) carried (ITM-0447, ITM-0448, ITM-0449); donor floor-1 head total removed; reliability HIGH

  CONFLICTS TABLE (data/project.sqlite conflicts, OPEN entries only)
    7 open entr(y/ies) touch this room: A11 [keys 115] [cited by own row(s) ITM-0103]; B3.1 [marks L-2, L-3, L-4, SH-1, SH-4, SK-3, SK-4]; B4.2 [marks 905]; B4.5 [marks GR-300, GR-308, GR-318, GR-322]; B5.3 [keys 115]; B5.4 [keys 115]; B5.6 [marks W4, W5]
    carried as a FLAG on 8 line(s): 905_a (905 <- B4.2[905]); gr300_a (GR-300 <- B4.5[GR-300]); gr308_a (GR-308 <- B4.5[GR-308]); gr318_a (GR-318 <- B4.5[GR-318]); gr322_a (GR-322 <- B4.5[GR-322]); plmb_ksink_a (SK-3 + SK-4 <- B3.1[SK-3,SK-4]); plmb_lavfaucet_a (L-2 + L-3 + L-4 <- B3.1[L-2,L-3,L-4]); plmb_shower_a (SH-1 + SH-4 <- B3.1[SH-1,SH-4]); every one of them is also in room note n_conflicts
    room notes seeded: n_conflicts, n_d22, n_gaps, n_gategaps, n_rulings, n_type

----------------------------------------------------------------------------------------------------
ROOM 408  King Studio  (57 key(s) of this type: 104, 106, 108, 110, 112, 114, 204, 206, 208, 210, 212, 214, 216, 218, 222, 223, 224, 225, 226, 227, 229, 231, 233, 304, 306, 308, 310, 312, 314, 316, 318, 322, 323, 324, 325, 326, 327, 329, 331, 333, 404, 406, 408, 410, 412, 414, 416, 418, 422, 423, 424, 425, 426, 427, 429, 431, 433)
  doc type king-studio / "King Studio"   sheets: plan A103; room sheet A550; bath A530
  FF&E : 43 lines   [151 raw rows -> 43 gated -> 41 after 2 folds, + 2 ruled FF&E line(s)]
  MEP  : 23 lines   [77 MEP rows; 9 rough-in left off the punch; 0 deleted history row(s) in 104-MEP not copied]
  gate : 31 row(s) dropped by Austin's approved category gate (Paint / Drywall / Flooring / Doors / Stone-Surround / Wall Covering / FF&E-Misc), same as every approved floor-1 room

  DONOR USAGE - LIVE room 104 (King Studio)
    41 shared tag(s) took the donor's curated text: 901, 902, 903, 904, 905, <untagged>, GR-100, GR-101, GR-103, GR-200, GR-201, GR-202, GR-203, GR-204, GR-205, GR-301, GR-302, GR-304, GR-318, GR-319, GR-320, GR-321, GR-323, GR-400, GR-402, GR-402.1, GR-403, GR-500, GR-501, GR-502, GR-601, GR-601.1, GR-603, HD-03, HD-08, HD-12, HD-16, HD-18, HD-21, HD-22, kn 11
    0 tag(s) have NO live counterpart and ship from sqlite VERBATIM: none
    2 donor tag(s) not applicable to this type: DH-1, DH-2
    label: <untagged>: donor label extends sqlite ("Garbage disposer - Moen MGXP33C") - donor text carried
    THE DONOR MAY ENRICH, NEVER LAUNDER:
      reliability KEPT from this room's own sqlite row over the donor's on 0 line(s)
      reliability RAISED on a ruling that closes the flag for the product on 2 line(s): 902_a (902): FLAGGED -> HIGH on the ruling closure carried in the donor text; u_ce20ab6281 (<untagged>): FLAGGED -> HIGH on the ruling closure carried in the donor text
      donor text DROPPED as a reading of the donor's own drawing on 0 line(s) (quoted on the line as not carried)
    MEP text donated from 104-MEP, written for sheet A550, re-cited onto A550 - SAME SHEET, so every citation stands verbatim and no number is re-judged. The ONE exception is the
      '.1' CONNECTING plan variant, which room_types identifies as the connecting plan and which is
      dropped wherever rooms.connecting = 0 - a shared sheet is not a shared connecting plan.
      8 donor line(s) carried the DONOR's own re-point note (a fact about room 104, not this room); removed and replaced with this room's own: elec_outlets, elec_panel, elec_sink_sw, fp_smoke_a, lv_tvdata, lv_wap, mech_tstat, plmb_shower_a
      1 condensed line(s) have no row of their own in this room (carried on the donor citation): plmb_hotcold_a
      FLOOR-WRONG CITATION - fp_heads_a: 1 dropped (A121); trimmed from the cited list A120
      FLOOR-WRONG CITATION - mech_ptac: kept on this room's own row(s) M301
      FLOOR-WRONG CITATION - mech_tstat: kept on this room's own row(s) M301
      FLOOR-WRONG CITATION - plmb_fd_a: kept on this room's own row(s) P301
      FLOOR-WRONG CITATION - plmb_hotcold_a: kept on this room's own row(s) P305
      FLOOR-WRONG CITATION - plmb_trapguard_a: kept on this room's own row(s) P301
      FLOOR-WRONG CITATION - plmb_wc_a: kept (building-wide table) A100
      reliability from THIS room's own rows (never the donor's) - elec_lights: donor HIGH -> FLAGGED (worst of ITM-0014 [HIGH], ITM-0022 [FLAGGED], ITM-0023 [HIGH], ITM-0024 [HIGH], ITM-0025 [FLAGGED])
      reliability from THIS room's own rows (never the donor's) - elec_outlets: donor HIGH -> MEDIUM (worst of ITM-0017 [HIGH], ITM-0019 [HIGH], ITM-0020 [HIGH], ITM-0021 [MEDIUM])
      reliability from THIS room's own rows (never the donor's) - elec_panel: donor HIGH -> HIGH (worst of ITM-0001 [HIGH], ITM-0002 [HIGH], ITM-0003 [HIGH], ITM-0004 [HIGH], ITM-0005 [HIGH], ITM-0006 [HIGH], ITM-0007 [HIGH], ITM-0008 [HIGH], ITM-0009 [HIGH], ITM-0010 [HIGH], ITM-0011 [HIGH], ITM-0012 [HIGH], ITM-0013 [HIGH])
      reliability from THIS room's own rows (never the donor's) - lv_phone_db: donor HIGH -> FLAGGED (worst of ITM-0028 [HIGH], ITM-0031 [FLAGGED])
      reliability from THIS room's own rows (never the donor's) - lv_tvdata: donor HIGH -> FLAGGED (worst of ITM-0027 [HIGH], ITM-0029 [HIGH], ITM-0030 [FLAGGED])
      reliability from THIS room's own rows (never the donor's) - mech_grille_bath: donor HIGH -> FLAGGED (worst of ITM-0062 [HIGH], ITM-0063 [HIGH], ITM-0064 [MEDIUM], ITM-0065 [FLAGGED], ITM-0066 [MEDIUM], ITM-0067 [HIGH], ITM-0068 [HIGH], ITM-0069 [MEDIUM], ITM-0070 [FLAGGED])
      reliability from THIS room's own rows (never the donor's) - mech_grille_rm: donor HIGH -> FLAGGED (worst of ITM-0053 [FLAGGED])
      reliability from THIS room's own rows (never the donor's) - mech_ptac: donor HIGH -> MEDIUM (worst of ITM-0152 [MEDIUM], ITM-0048 [HIGH], ITM-0052 [HIGH], ITM-0054 [HIGH], ITM-0055 [HIGH], ITM-0056 [MEDIUM], ITM-0057 [HIGH], ITM-0058 [HIGH], ITM-0061 [MEDIUM])
      reliability from THIS room's own rows (never the donor's) - mech_tstat: donor HIGH -> HIGH (worst of ITM-0018 [HIGH], ITM-0059 [HIGH], ITM-0060 [HIGH])
      reliability from THIS room's own rows (never the donor's) - plmb_fd_a: donor HIGH -> MEDIUM (worst of ITM-0046 [MEDIUM])
      reliability from THIS room's own rows (never the donor's) - plmb_ksink_a: donor HIGH -> FLAGGED (worst of ITM-0051 [FLAGGED])
      reliability from THIS room's own rows (never the donor's) - plmb_lavfaucet_a: donor HIGH -> FLAGGED (worst of ITM-0043 [HIGH], ITM-0044 [HIGH], ITM-0045 [FLAGGED])
      reliability from THIS room's own rows (never the donor's) - plmb_shower_a: donor HIGH -> HIGH (worst of ITM-0150 [HIGH])
      reliability from THIS room's own rows (never the donor's) - plmb_trapguard_a: donor HIGH -> MEDIUM (worst of ITM-0047 [MEDIUM])
      reliability from THIS room's own rows (never the donor's) - plmb_wc_a: donor HIGH -> FLAGGED (worst of ITM-0039 [HIGH], ITM-0042 [FLAGGED])
      placed by product identity: ITM-0150 -> plmb_shower_a (floor-1 variant slot, MEP_VARIANT_SLOTS - the placement build_floor1 used)
      placed by product identity: ITM-0151 -> plmb_shencl_a (floor-1 variant slot, MEP_VARIANT_SLOTS - the placement build_floor1 used)
      placed by product identity: ITM-0152 -> mech_ptac (floor-1 variant slot, MEP_VARIANT_SLOTS - the placement build_floor1 used)
      placed by product identity: ITM-0156 -> fp_heads_a (floor-1 variant slot, MEP_VARIANT_SLOTS - the placement build_floor1 used)
      placed by product identity: ITM-0157 -> fp_heads_a (floor-1 variant slot, MEP_VARIANT_SLOTS - the placement build_floor1 used)
      placed by product identity: ITM-0158 -> fp_heads_a (floor-1 variant slot, MEP_VARIANT_SLOTS - the placement build_floor1 used)

  RULINGS
    APPLIED  D20 on GR-202: the ruling RESTATES the fold (sqlite already draws 2) and changes nothing - room type "King Studio" is a King-family key, which is the set D20 was ruled on
    DECLINED D12 on GR-322 - the ruling is about tag GR-322 in FF&E - Casegoods, and what this room draws in that category is GR-301, GR-302, GR-304, GR-318, GR-319, GR-320, GR-321, GR-323, so the ruling has nothing here to act on
    APPLIED  ruled lines: dh_closer_a (D28), dh_lock_a (D28)
    DECLINED D29/bsq_a: out of scope for room 408 ("King Studio", rooms.accessible 0); build_floor1.mjs scopes it the same way and this tool copies the predicate

  FLAGS CARRIED (nothing resolved)
    FF&E 5 non-HIGH line(s): 905_a [FLAGGED] 905, gr318_a [FLAGGED] GR-318, gr323_a [FLAGGED] GR-323, hd03_a [MEDIUM] HD-03, hd08_a [MEDIUM] HD-08
    MEP  13 non-HIGH line(s): elec_lights [FLAGGED] <untagged>, elec_outlets [MEDIUM] <untagged>, lv_phone_db [FLAGGED] <untagged>, lv_tvdata [FLAGGED] <untagged>, mech_grille_bath [FLAGGED] EAG-50, mech_grille_rm [FLAGGED] <untagged>, mech_ptac [MEDIUM] PTAC-1, plmb_fd_a [MEDIUM] FD, plmb_ksink_a [FLAGGED] SK-3 / SK-4, plmb_lavfaucet_a [FLAGGED] —, plmb_shower_a [FLAGGED] SH-1 / SH-4, plmb_trapguard_a [MEDIUM] TP, plmb_wc_a [FLAGGED] WC-3 / WC-4
    fp_heads_a: 3 room-specific sprinkler head row(s) carried (ITM-0156, ITM-0157, ITM-0158); donor floor-1 head total removed; reliability HIGH
    mech_ptac: 1 unit row(s) ITM-0152; mark "PTAC-1"; reliability HIGH; donor's own-row resolution removed

  CONFLICTS TABLE (data/project.sqlite conflicts, OPEN entries only)
    5 open entr(y/ies) touch this room: A11 [cited by own row(s) ITM-0101]; B3.1 [marks L-2, L-3, L-4, SH-1, SH-4, SK-3, SK-4]; B4.2 [marks 905]; B4.5 [marks GR-318, GR-323]; B5.6 [marks W4, W5]
    carried as a FLAG on 6 line(s): 905_a (905 <- B4.2[905]); gr318_a (GR-318 <- B4.5[GR-318]); gr323_a (GR-323 <- B4.5[GR-323]); plmb_ksink_a (SK-3 + SK-4 <- B3.1[SK-3,SK-4]); plmb_lavfaucet_a (L-2 + L-3 + L-4 <- B3.1[L-2,L-3,L-4]); plmb_shower_a (SH-1 + SH-4 <- B3.1[SH-1,SH-4]); every one of them is also in room note n_conflicts
    room notes seeded: n_conflicts, n_gaps, n_gategaps, n_rulings, n_type, n_typearea

----------------------------------------------------------------------------------------------------
ROOM 409  Queen-Queen  (31 key(s) of this type: 105, 107, 109, 111, 113, 115, 203, 205, 207, 209, 211, 213, 228, 234, 303, 305, 307, 309, 311, 313, 315, 328, 334, 405, 407, 409, 411, 413, 415, 428, 434)
  doc type queen-queen / "Queen-Queen"   sheets: plan A103; room sheet A555; bath A530
  FF&E : 42 lines   [154 raw rows -> 46 gated -> 40 after 6 folds, + 2 ruled FF&E line(s)]
  MEP  : 23 lines   [77 MEP rows; 9 rough-in left off the punch; 77 deleted history row(s) in 105-MEP not copied]
  gate : 31 row(s) dropped by Austin's approved category gate (Paint / Drywall / Flooring / Doors / Stone-Surround / Wall Covering / FF&E-Misc), same as every approved floor-1 room

  DONOR USAGE - LIVE room 105 (Queen-Queen)
    39 shared tag(s) took the donor's curated text: 901, 902, 903, 904, 905, <untagged>, GR-100, GR-101, GR-103, GR-200, GR-201, GR-203, GR-204, GR-205, GR-207, GR-208, GR-300, GR-302, GR-318, GR-321, GR-322, GR-400, GR-402, GR-402.1, GR-403, GR-500, GR-501, GR-502, GR-600, GR-600.1, GR-602, HD-03, HD-08, HD-12, HD-16, HD-18, HD-21, HD-22, kn 11
    1 tag(s) have NO live counterpart and ship from sqlite VERBATIM: GR-308 [FLAGGED]
    3 donor tag(s) not applicable to this type: DH-1, DH-2, GR-305
    1 RETIRED donor line(s) skipped - a tombstone is not a source
    label: <untagged>: donor label extends sqlite ("Garbage disposer - Moen MGXP33C") - donor text carried
    THE DONOR MAY ENRICH, NEVER LAUNDER:
      reliability KEPT from this room's own sqlite row over the donor's on 0 line(s)
      reliability RAISED on a ruling that closes the flag for the product on 2 line(s): 902_a (902): FLAGGED -> HIGH on the ruling closure carried in the donor text; u_ce20ab6281 (<untagged>): FLAGGED -> HIGH on the ruling closure carried in the donor text
      donor text DROPPED as a reading of the donor's own drawing on 0 line(s) (quoted on the line as not carried)
    MEP text donated from 105-MEP, written for sheet A555, re-cited onto A555 - SAME SHEET, so every citation stands verbatim and no number is re-judged. The ONE exception is the
      '.1' CONNECTING plan variant, which room_types identifies as the connecting plan and which is
      dropped wherever rooms.connecting = 0 - a shared sheet is not a shared connecting plan.
      CONNECTING plan reference(s) dropped on a NON-connecting room (rooms.connecting = 0), and the line
      says so: elec_outlets, elec_panel, elec_sink_sw, lv_tvdata, lv_wap
      1 condensed line(s) have no row of their own in this room (carried on the donor citation): plmb_hotcold_a
      FLOOR-WRONG CITATION - fp_heads_a: 1 dropped (A121); trimmed from the cited list A120
      FLOOR-WRONG CITATION - mech_ptac: kept on this room's own row(s) M301
      FLOOR-WRONG CITATION - mech_tstat: kept on this room's own row(s) M301
      FLOOR-WRONG CITATION - plmb_fd_a: kept on this room's own row(s) P301
      FLOOR-WRONG CITATION - plmb_hotcold_a: kept on this room's own row(s) P305
      FLOOR-WRONG CITATION - plmb_trapguard_a: kept on this room's own row(s) P301
      FLOOR-WRONG CITATION - plmb_wc_a: kept (building-wide table) A100
      reliability from THIS room's own rows (never the donor's) - elec_lights: donor HIGH -> FLAGGED (worst of ITM-0014 [HIGH], ITM-0022 [FLAGGED], ITM-0023 [HIGH], ITM-0024 [HIGH], ITM-0025 [FLAGGED])
      reliability from THIS room's own rows (never the donor's) - elec_outlets: donor HIGH -> MEDIUM (worst of ITM-0017 [HIGH], ITM-0019 [HIGH], ITM-0020 [HIGH], ITM-0021 [MEDIUM])
      reliability from THIS room's own rows (never the donor's) - elec_panel: donor HIGH -> HIGH (worst of ITM-0001 [HIGH], ITM-0002 [HIGH], ITM-0003 [HIGH], ITM-0004 [HIGH], ITM-0005 [HIGH], ITM-0006 [HIGH], ITM-0007 [HIGH], ITM-0008 [HIGH], ITM-0009 [HIGH], ITM-0010 [HIGH], ITM-0011 [HIGH], ITM-0012 [HIGH], ITM-0013 [HIGH])
      reliability from THIS room's own rows (never the donor's) - lv_phone_db: donor HIGH -> FLAGGED (worst of ITM-0028 [HIGH], ITM-0031 [FLAGGED])
      reliability from THIS room's own rows (never the donor's) - lv_tvdata: donor HIGH -> FLAGGED (worst of ITM-0027 [HIGH], ITM-0029 [HIGH], ITM-0030 [FLAGGED])
      reliability from THIS room's own rows (never the donor's) - mech_grille_bath: donor HIGH -> FLAGGED (worst of ITM-0062 [HIGH], ITM-0063 [HIGH], ITM-0064 [MEDIUM], ITM-0065 [FLAGGED], ITM-0066 [MEDIUM], ITM-0067 [HIGH], ITM-0068 [HIGH], ITM-0069 [MEDIUM], ITM-0070 [FLAGGED])
      reliability from THIS room's own rows (never the donor's) - mech_grille_rm: donor HIGH -> FLAGGED (worst of ITM-0053 [FLAGGED])
      reliability from THIS room's own rows (never the donor's) - mech_ptac: donor HIGH -> FLAGGED (worst of ITM-0443 [FLAGGED], ITM-0048 [HIGH], ITM-0052 [HIGH], ITM-0054 [HIGH], ITM-0055 [HIGH], ITM-0056 [MEDIUM], ITM-0057 [HIGH], ITM-0058 [HIGH], ITM-0061 [MEDIUM])
      reliability from THIS room's own rows (never the donor's) - mech_tstat: donor HIGH -> HIGH (worst of ITM-0018 [HIGH], ITM-0059 [HIGH], ITM-0060 [HIGH])
      reliability from THIS room's own rows (never the donor's) - plmb_fd_a: donor HIGH -> MEDIUM (worst of ITM-0046 [MEDIUM])
      reliability from THIS room's own rows (never the donor's) - plmb_ksink_a: donor HIGH -> FLAGGED (worst of ITM-0051 [FLAGGED])
      reliability from THIS room's own rows (never the donor's) - plmb_lavfaucet_a: donor HIGH -> FLAGGED (worst of ITM-0043 [HIGH], ITM-0044 [HIGH], ITM-0045 [FLAGGED])
      reliability from THIS room's own rows (never the donor's) - plmb_shower_a: donor HIGH -> HIGH (worst of ITM-0441 [HIGH])
      reliability from THIS room's own rows (never the donor's) - plmb_trapguard_a: donor HIGH -> MEDIUM (worst of ITM-0047 [MEDIUM])
      reliability from THIS room's own rows (never the donor's) - plmb_wc_a: donor HIGH -> FLAGGED (worst of ITM-0039 [HIGH], ITM-0042 [FLAGGED])

  RULINGS
    APPLIED  D12 on GR-322: qty 1 -> 3, and the line note says so - this room tags the nightstand family once (GR-322 only) and carries 2 queen bed(s), which is exactly the case D12 was ruled on
    DECLINED D20 on GR-202 - the ruling is about tag GR-202 in FF&E - Lighting, and what this room draws in that category is GR-200, GR-201, GR-203, GR-204, GR-205, GR-207, GR-208, so the ruling has nothing here to act on
    APPLIED  ruled lines: dh_closer_a (D28), dh_lock_a (D28)
    DECLINED D29/bsq_a: out of scope for room 409 ("Queen-Queen", rooms.accessible 0); build_floor1.mjs scopes it the same way and this tool copies the predicate
    D22: NO CORRECTION ON FLOOR 4 - the 4th Floor FF&E Installation tab does not reconcile; GR-308 carried as transcribed, OPEN for Austin - see room note n_d22

  FLAGS CARRIED (nothing resolved)
    FF&E 7 non-HIGH line(s): 905_a [FLAGGED] 905, gr300_a [FLAGGED] GR-300, gr308_a [FLAGGED] GR-308, gr318_a [FLAGGED] GR-318, gr322_a [FLAGGED] GR-322, hd03_a [MEDIUM] HD-03, hd08_a [MEDIUM] HD-08
    MEP  13 non-HIGH line(s): elec_lights [FLAGGED] <untagged>, elec_outlets [MEDIUM] <untagged>, lv_phone_db [FLAGGED] <untagged>, lv_tvdata [FLAGGED] <untagged>, mech_grille_bath [FLAGGED] EAG-50, mech_grille_rm [FLAGGED] <untagged>, mech_ptac [FLAGGED] PTAC, plmb_fd_a [MEDIUM] FD, plmb_ksink_a [FLAGGED] SK-3 / SK-4, plmb_lavfaucet_a [FLAGGED] —, plmb_shower_a [FLAGGED] SH-1 / SH-4, plmb_trapguard_a [MEDIUM] TP, plmb_wc_a [FLAGGED] WC-3 / WC-4
    fp_heads_a: 3 room-specific sprinkler head row(s) carried (ITM-0447, ITM-0448, ITM-0449); donor floor-1 head total removed; reliability HIGH

  CONFLICTS TABLE (data/project.sqlite conflicts, OPEN entries only)
    7 open entr(y/ies) touch this room: A11 [keys 115] [cited by own row(s) ITM-0103]; B3.1 [marks L-2, L-3, L-4, SH-1, SH-4, SK-3, SK-4]; B4.2 [marks 905]; B4.5 [marks GR-300, GR-308, GR-318, GR-322]; B5.3 [keys 115]; B5.4 [keys 115]; B5.6 [marks W4, W5]
    carried as a FLAG on 8 line(s): 905_a (905 <- B4.2[905]); gr300_a (GR-300 <- B4.5[GR-300]); gr308_a (GR-308 <- B4.5[GR-308]); gr318_a (GR-318 <- B4.5[GR-318]); gr322_a (GR-322 <- B4.5[GR-322]); plmb_ksink_a (SK-3 + SK-4 <- B3.1[SK-3,SK-4]); plmb_lavfaucet_a (L-2 + L-3 + L-4 <- B3.1[L-2,L-3,L-4]); plmb_shower_a (SH-1 + SH-4 <- B3.1[SH-1,SH-4]); every one of them is also in room note n_conflicts
    room notes seeded: n_conflicts, n_d22, n_gaps, n_gategaps, n_rulings, n_type

----------------------------------------------------------------------------------------------------
ROOM 410  King Studio  (57 key(s) of this type: 104, 106, 108, 110, 112, 114, 204, 206, 208, 210, 212, 214, 216, 218, 222, 223, 224, 225, 226, 227, 229, 231, 233, 304, 306, 308, 310, 312, 314, 316, 318, 322, 323, 324, 325, 326, 327, 329, 331, 333, 404, 406, 408, 410, 412, 414, 416, 418, 422, 423, 424, 425, 426, 427, 429, 431, 433)
  doc type king-studio / "King Studio"   sheets: plan A103; room sheet A550; bath A530
  FF&E : 43 lines   [151 raw rows -> 43 gated -> 41 after 2 folds, + 2 ruled FF&E line(s)]
  MEP  : 23 lines   [77 MEP rows; 9 rough-in left off the punch; 0 deleted history row(s) in 104-MEP not copied]
  gate : 31 row(s) dropped by Austin's approved category gate (Paint / Drywall / Flooring / Doors / Stone-Surround / Wall Covering / FF&E-Misc), same as every approved floor-1 room

  DONOR USAGE - LIVE room 104 (King Studio)
    41 shared tag(s) took the donor's curated text: 901, 902, 903, 904, 905, <untagged>, GR-100, GR-101, GR-103, GR-200, GR-201, GR-202, GR-203, GR-204, GR-205, GR-301, GR-302, GR-304, GR-318, GR-319, GR-320, GR-321, GR-323, GR-400, GR-402, GR-402.1, GR-403, GR-500, GR-501, GR-502, GR-601, GR-601.1, GR-603, HD-03, HD-08, HD-12, HD-16, HD-18, HD-21, HD-22, kn 11
    0 tag(s) have NO live counterpart and ship from sqlite VERBATIM: none
    2 donor tag(s) not applicable to this type: DH-1, DH-2
    label: <untagged>: donor label extends sqlite ("Garbage disposer - Moen MGXP33C") - donor text carried
    THE DONOR MAY ENRICH, NEVER LAUNDER:
      reliability KEPT from this room's own sqlite row over the donor's on 0 line(s)
      reliability RAISED on a ruling that closes the flag for the product on 2 line(s): 902_a (902): FLAGGED -> HIGH on the ruling closure carried in the donor text; u_ce20ab6281 (<untagged>): FLAGGED -> HIGH on the ruling closure carried in the donor text
      donor text DROPPED as a reading of the donor's own drawing on 0 line(s) (quoted on the line as not carried)
    MEP text donated from 104-MEP, written for sheet A550, re-cited onto A550 - SAME SHEET, so every citation stands verbatim and no number is re-judged. The ONE exception is the
      '.1' CONNECTING plan variant, which room_types identifies as the connecting plan and which is
      dropped wherever rooms.connecting = 0 - a shared sheet is not a shared connecting plan.
      8 donor line(s) carried the DONOR's own re-point note (a fact about room 104, not this room); removed and replaced with this room's own: elec_outlets, elec_panel, elec_sink_sw, fp_smoke_a, lv_tvdata, lv_wap, mech_tstat, plmb_shower_a
      1 condensed line(s) have no row of their own in this room (carried on the donor citation): plmb_hotcold_a
      FLOOR-WRONG CITATION - fp_heads_a: 1 dropped (A121); trimmed from the cited list A120
      FLOOR-WRONG CITATION - mech_ptac: kept on this room's own row(s) M301
      FLOOR-WRONG CITATION - mech_tstat: kept on this room's own row(s) M301
      FLOOR-WRONG CITATION - plmb_fd_a: kept on this room's own row(s) P301
      FLOOR-WRONG CITATION - plmb_hotcold_a: kept on this room's own row(s) P305
      FLOOR-WRONG CITATION - plmb_trapguard_a: kept on this room's own row(s) P301
      FLOOR-WRONG CITATION - plmb_wc_a: kept (building-wide table) A100
      reliability from THIS room's own rows (never the donor's) - elec_lights: donor HIGH -> FLAGGED (worst of ITM-0014 [HIGH], ITM-0022 [FLAGGED], ITM-0023 [HIGH], ITM-0024 [HIGH], ITM-0025 [FLAGGED])
      reliability from THIS room's own rows (never the donor's) - elec_outlets: donor HIGH -> MEDIUM (worst of ITM-0017 [HIGH], ITM-0019 [HIGH], ITM-0020 [HIGH], ITM-0021 [MEDIUM])
      reliability from THIS room's own rows (never the donor's) - elec_panel: donor HIGH -> HIGH (worst of ITM-0001 [HIGH], ITM-0002 [HIGH], ITM-0003 [HIGH], ITM-0004 [HIGH], ITM-0005 [HIGH], ITM-0006 [HIGH], ITM-0007 [HIGH], ITM-0008 [HIGH], ITM-0009 [HIGH], ITM-0010 [HIGH], ITM-0011 [HIGH], ITM-0012 [HIGH], ITM-0013 [HIGH])
      reliability from THIS room's own rows (never the donor's) - lv_phone_db: donor HIGH -> FLAGGED (worst of ITM-0028 [HIGH], ITM-0031 [FLAGGED])
      reliability from THIS room's own rows (never the donor's) - lv_tvdata: donor HIGH -> FLAGGED (worst of ITM-0027 [HIGH], ITM-0029 [HIGH], ITM-0030 [FLAGGED])
      reliability from THIS room's own rows (never the donor's) - mech_grille_bath: donor HIGH -> FLAGGED (worst of ITM-0062 [HIGH], ITM-0063 [HIGH], ITM-0064 [MEDIUM], ITM-0065 [FLAGGED], ITM-0066 [MEDIUM], ITM-0067 [HIGH], ITM-0068 [HIGH], ITM-0069 [MEDIUM], ITM-0070 [FLAGGED])
      reliability from THIS room's own rows (never the donor's) - mech_grille_rm: donor HIGH -> FLAGGED (worst of ITM-0053 [FLAGGED])
      reliability from THIS room's own rows (never the donor's) - mech_ptac: donor HIGH -> MEDIUM (worst of ITM-0152 [MEDIUM], ITM-0048 [HIGH], ITM-0052 [HIGH], ITM-0054 [HIGH], ITM-0055 [HIGH], ITM-0056 [MEDIUM], ITM-0057 [HIGH], ITM-0058 [HIGH], ITM-0061 [MEDIUM])
      reliability from THIS room's own rows (never the donor's) - mech_tstat: donor HIGH -> HIGH (worst of ITM-0018 [HIGH], ITM-0059 [HIGH], ITM-0060 [HIGH])
      reliability from THIS room's own rows (never the donor's) - plmb_fd_a: donor HIGH -> MEDIUM (worst of ITM-0046 [MEDIUM])
      reliability from THIS room's own rows (never the donor's) - plmb_ksink_a: donor HIGH -> FLAGGED (worst of ITM-0051 [FLAGGED])
      reliability from THIS room's own rows (never the donor's) - plmb_lavfaucet_a: donor HIGH -> FLAGGED (worst of ITM-0043 [HIGH], ITM-0044 [HIGH], ITM-0045 [FLAGGED])
      reliability from THIS room's own rows (never the donor's) - plmb_shower_a: donor HIGH -> HIGH (worst of ITM-0150 [HIGH])
      reliability from THIS room's own rows (never the donor's) - plmb_trapguard_a: donor HIGH -> MEDIUM (worst of ITM-0047 [MEDIUM])
      reliability from THIS room's own rows (never the donor's) - plmb_wc_a: donor HIGH -> FLAGGED (worst of ITM-0039 [HIGH], ITM-0042 [FLAGGED])
      placed by product identity: ITM-0150 -> plmb_shower_a (floor-1 variant slot, MEP_VARIANT_SLOTS - the placement build_floor1 used)
      placed by product identity: ITM-0151 -> plmb_shencl_a (floor-1 variant slot, MEP_VARIANT_SLOTS - the placement build_floor1 used)
      placed by product identity: ITM-0152 -> mech_ptac (floor-1 variant slot, MEP_VARIANT_SLOTS - the placement build_floor1 used)
      placed by product identity: ITM-0156 -> fp_heads_a (floor-1 variant slot, MEP_VARIANT_SLOTS - the placement build_floor1 used)
      placed by product identity: ITM-0157 -> fp_heads_a (floor-1 variant slot, MEP_VARIANT_SLOTS - the placement build_floor1 used)
      placed by product identity: ITM-0158 -> fp_heads_a (floor-1 variant slot, MEP_VARIANT_SLOTS - the placement build_floor1 used)

  RULINGS
    APPLIED  D20 on GR-202: the ruling RESTATES the fold (sqlite already draws 2) and changes nothing - room type "King Studio" is a King-family key, which is the set D20 was ruled on
    DECLINED D12 on GR-322 - the ruling is about tag GR-322 in FF&E - Casegoods, and what this room draws in that category is GR-301, GR-302, GR-304, GR-318, GR-319, GR-320, GR-321, GR-323, so the ruling has nothing here to act on
    APPLIED  ruled lines: dh_closer_a (D28), dh_lock_a (D28)
    DECLINED D29/bsq_a: out of scope for room 410 ("King Studio", rooms.accessible 0); build_floor1.mjs scopes it the same way and this tool copies the predicate

  FLAGS CARRIED (nothing resolved)
    FF&E 5 non-HIGH line(s): 905_a [FLAGGED] 905, gr318_a [FLAGGED] GR-318, gr323_a [FLAGGED] GR-323, hd03_a [MEDIUM] HD-03, hd08_a [MEDIUM] HD-08
    MEP  13 non-HIGH line(s): elec_lights [FLAGGED] <untagged>, elec_outlets [MEDIUM] <untagged>, lv_phone_db [FLAGGED] <untagged>, lv_tvdata [FLAGGED] <untagged>, mech_grille_bath [FLAGGED] EAG-50, mech_grille_rm [FLAGGED] <untagged>, mech_ptac [MEDIUM] PTAC-1, plmb_fd_a [MEDIUM] FD, plmb_ksink_a [FLAGGED] SK-3 / SK-4, plmb_lavfaucet_a [FLAGGED] —, plmb_shower_a [FLAGGED] SH-1 / SH-4, plmb_trapguard_a [MEDIUM] TP, plmb_wc_a [FLAGGED] WC-3 / WC-4
    fp_heads_a: 3 room-specific sprinkler head row(s) carried (ITM-0156, ITM-0157, ITM-0158); donor floor-1 head total removed; reliability HIGH
    mech_ptac: 1 unit row(s) ITM-0152; mark "PTAC-1"; reliability HIGH; donor's own-row resolution removed

  CONFLICTS TABLE (data/project.sqlite conflicts, OPEN entries only)
    5 open entr(y/ies) touch this room: A11 [cited by own row(s) ITM-0101]; B3.1 [marks L-2, L-3, L-4, SH-1, SH-4, SK-3, SK-4]; B4.2 [marks 905]; B4.5 [marks GR-318, GR-323]; B5.6 [marks W4, W5]
    carried as a FLAG on 6 line(s): 905_a (905 <- B4.2[905]); gr318_a (GR-318 <- B4.5[GR-318]); gr323_a (GR-323 <- B4.5[GR-323]); plmb_ksink_a (SK-3 + SK-4 <- B3.1[SK-3,SK-4]); plmb_lavfaucet_a (L-2 + L-3 + L-4 <- B3.1[L-2,L-3,L-4]); plmb_shower_a (SH-1 + SH-4 <- B3.1[SH-1,SH-4]); every one of them is also in room note n_conflicts
    room notes seeded: n_conflicts, n_gaps, n_gategaps, n_rulings, n_type, n_typearea

----------------------------------------------------------------------------------------------------
ROOM 411  Queen-Queen  (31 key(s) of this type: 105, 107, 109, 111, 113, 115, 203, 205, 207, 209, 211, 213, 228, 234, 303, 305, 307, 309, 311, 313, 315, 328, 334, 405, 407, 409, 411, 413, 415, 428, 434)
  doc type queen-queen / "Queen-Queen"   sheets: plan A103; room sheet A555; bath A530
  FF&E : 42 lines   [154 raw rows -> 46 gated -> 40 after 6 folds, + 2 ruled FF&E line(s)]
  MEP  : 23 lines   [77 MEP rows; 9 rough-in left off the punch; 77 deleted history row(s) in 105-MEP not copied]
  gate : 31 row(s) dropped by Austin's approved category gate (Paint / Drywall / Flooring / Doors / Stone-Surround / Wall Covering / FF&E-Misc), same as every approved floor-1 room

  DONOR USAGE - LIVE room 105 (Queen-Queen)
    39 shared tag(s) took the donor's curated text: 901, 902, 903, 904, 905, <untagged>, GR-100, GR-101, GR-103, GR-200, GR-201, GR-203, GR-204, GR-205, GR-207, GR-208, GR-300, GR-302, GR-318, GR-321, GR-322, GR-400, GR-402, GR-402.1, GR-403, GR-500, GR-501, GR-502, GR-600, GR-600.1, GR-602, HD-03, HD-08, HD-12, HD-16, HD-18, HD-21, HD-22, kn 11
    1 tag(s) have NO live counterpart and ship from sqlite VERBATIM: GR-308 [FLAGGED]
    3 donor tag(s) not applicable to this type: DH-1, DH-2, GR-305
    1 RETIRED donor line(s) skipped - a tombstone is not a source
    label: <untagged>: donor label extends sqlite ("Garbage disposer - Moen MGXP33C") - donor text carried
    THE DONOR MAY ENRICH, NEVER LAUNDER:
      reliability KEPT from this room's own sqlite row over the donor's on 0 line(s)
      reliability RAISED on a ruling that closes the flag for the product on 2 line(s): 902_a (902): FLAGGED -> HIGH on the ruling closure carried in the donor text; u_ce20ab6281 (<untagged>): FLAGGED -> HIGH on the ruling closure carried in the donor text
      donor text DROPPED as a reading of the donor's own drawing on 0 line(s) (quoted on the line as not carried)
    MEP text donated from 105-MEP, written for sheet A555, re-cited onto A555 - SAME SHEET, so every citation stands verbatim and no number is re-judged. The ONE exception is the
      '.1' CONNECTING plan variant, which room_types identifies as the connecting plan and which is
      dropped wherever rooms.connecting = 0 - a shared sheet is not a shared connecting plan.
      CONNECTING plan reference(s) dropped on a NON-connecting room (rooms.connecting = 0), and the line
      says so: elec_outlets, elec_panel, elec_sink_sw, lv_tvdata, lv_wap
      1 condensed line(s) have no row of their own in this room (carried on the donor citation): plmb_hotcold_a
      FLOOR-WRONG CITATION - fp_heads_a: 1 dropped (A121); trimmed from the cited list A120
      FLOOR-WRONG CITATION - mech_ptac: kept on this room's own row(s) M301
      FLOOR-WRONG CITATION - mech_tstat: kept on this room's own row(s) M301
      FLOOR-WRONG CITATION - plmb_fd_a: kept on this room's own row(s) P301
      FLOOR-WRONG CITATION - plmb_hotcold_a: kept on this room's own row(s) P305
      FLOOR-WRONG CITATION - plmb_trapguard_a: kept on this room's own row(s) P301
      FLOOR-WRONG CITATION - plmb_wc_a: kept (building-wide table) A100
      reliability from THIS room's own rows (never the donor's) - elec_lights: donor HIGH -> FLAGGED (worst of ITM-0014 [HIGH], ITM-0022 [FLAGGED], ITM-0023 [HIGH], ITM-0024 [HIGH], ITM-0025 [FLAGGED])
      reliability from THIS room's own rows (never the donor's) - elec_outlets: donor HIGH -> MEDIUM (worst of ITM-0017 [HIGH], ITM-0019 [HIGH], ITM-0020 [HIGH], ITM-0021 [MEDIUM])
      reliability from THIS room's own rows (never the donor's) - elec_panel: donor HIGH -> HIGH (worst of ITM-0001 [HIGH], ITM-0002 [HIGH], ITM-0003 [HIGH], ITM-0004 [HIGH], ITM-0005 [HIGH], ITM-0006 [HIGH], ITM-0007 [HIGH], ITM-0008 [HIGH], ITM-0009 [HIGH], ITM-0010 [HIGH], ITM-0011 [HIGH], ITM-0012 [HIGH], ITM-0013 [HIGH])
      reliability from THIS room's own rows (never the donor's) - lv_phone_db: donor HIGH -> FLAGGED (worst of ITM-0028 [HIGH], ITM-0031 [FLAGGED])
      reliability from THIS room's own rows (never the donor's) - lv_tvdata: donor HIGH -> FLAGGED (worst of ITM-0027 [HIGH], ITM-0029 [HIGH], ITM-0030 [FLAGGED])
      reliability from THIS room's own rows (never the donor's) - mech_grille_bath: donor HIGH -> FLAGGED (worst of ITM-0062 [HIGH], ITM-0063 [HIGH], ITM-0064 [MEDIUM], ITM-0065 [FLAGGED], ITM-0066 [MEDIUM], ITM-0067 [HIGH], ITM-0068 [HIGH], ITM-0069 [MEDIUM], ITM-0070 [FLAGGED])
      reliability from THIS room's own rows (never the donor's) - mech_grille_rm: donor HIGH -> FLAGGED (worst of ITM-0053 [FLAGGED])
      reliability from THIS room's own rows (never the donor's) - mech_ptac: donor HIGH -> FLAGGED (worst of ITM-0443 [FLAGGED], ITM-0048 [HIGH], ITM-0052 [HIGH], ITM-0054 [HIGH], ITM-0055 [HIGH], ITM-0056 [MEDIUM], ITM-0057 [HIGH], ITM-0058 [HIGH], ITM-0061 [MEDIUM])
      reliability from THIS room's own rows (never the donor's) - mech_tstat: donor HIGH -> HIGH (worst of ITM-0018 [HIGH], ITM-0059 [HIGH], ITM-0060 [HIGH])
      reliability from THIS room's own rows (never the donor's) - plmb_fd_a: donor HIGH -> MEDIUM (worst of ITM-0046 [MEDIUM])
      reliability from THIS room's own rows (never the donor's) - plmb_ksink_a: donor HIGH -> FLAGGED (worst of ITM-0051 [FLAGGED])
      reliability from THIS room's own rows (never the donor's) - plmb_lavfaucet_a: donor HIGH -> FLAGGED (worst of ITM-0043 [HIGH], ITM-0044 [HIGH], ITM-0045 [FLAGGED])
      reliability from THIS room's own rows (never the donor's) - plmb_shower_a: donor HIGH -> HIGH (worst of ITM-0441 [HIGH])
      reliability from THIS room's own rows (never the donor's) - plmb_trapguard_a: donor HIGH -> MEDIUM (worst of ITM-0047 [MEDIUM])
      reliability from THIS room's own rows (never the donor's) - plmb_wc_a: donor HIGH -> FLAGGED (worst of ITM-0039 [HIGH], ITM-0042 [FLAGGED])

  RULINGS
    APPLIED  D12 on GR-322: qty 1 -> 3, and the line note says so - this room tags the nightstand family once (GR-322 only) and carries 2 queen bed(s), which is exactly the case D12 was ruled on
    DECLINED D20 on GR-202 - the ruling is about tag GR-202 in FF&E - Lighting, and what this room draws in that category is GR-200, GR-201, GR-203, GR-204, GR-205, GR-207, GR-208, so the ruling has nothing here to act on
    APPLIED  ruled lines: dh_closer_a (D28), dh_lock_a (D28)
    DECLINED D29/bsq_a: out of scope for room 411 ("Queen-Queen", rooms.accessible 0); build_floor1.mjs scopes it the same way and this tool copies the predicate
    D22: NO CORRECTION ON FLOOR 4 - the 4th Floor FF&E Installation tab does not reconcile; GR-308 carried as transcribed, OPEN for Austin - see room note n_d22

  FLAGS CARRIED (nothing resolved)
    FF&E 7 non-HIGH line(s): 905_a [FLAGGED] 905, gr300_a [FLAGGED] GR-300, gr308_a [FLAGGED] GR-308, gr318_a [FLAGGED] GR-318, gr322_a [FLAGGED] GR-322, hd03_a [MEDIUM] HD-03, hd08_a [MEDIUM] HD-08
    MEP  13 non-HIGH line(s): elec_lights [FLAGGED] <untagged>, elec_outlets [MEDIUM] <untagged>, lv_phone_db [FLAGGED] <untagged>, lv_tvdata [FLAGGED] <untagged>, mech_grille_bath [FLAGGED] EAG-50, mech_grille_rm [FLAGGED] <untagged>, mech_ptac [FLAGGED] PTAC, plmb_fd_a [MEDIUM] FD, plmb_ksink_a [FLAGGED] SK-3 / SK-4, plmb_lavfaucet_a [FLAGGED] —, plmb_shower_a [FLAGGED] SH-1 / SH-4, plmb_trapguard_a [MEDIUM] TP, plmb_wc_a [FLAGGED] WC-3 / WC-4
    fp_heads_a: 3 room-specific sprinkler head row(s) carried (ITM-0447, ITM-0448, ITM-0449); donor floor-1 head total removed; reliability HIGH

  CONFLICTS TABLE (data/project.sqlite conflicts, OPEN entries only)
    7 open entr(y/ies) touch this room: A11 [keys 115] [cited by own row(s) ITM-0103]; B3.1 [marks L-2, L-3, L-4, SH-1, SH-4, SK-3, SK-4]; B4.2 [marks 905]; B4.5 [marks GR-300, GR-308, GR-318, GR-322]; B5.3 [keys 115]; B5.4 [keys 115]; B5.6 [marks W4, W5]
    carried as a FLAG on 8 line(s): 905_a (905 <- B4.2[905]); gr300_a (GR-300 <- B4.5[GR-300]); gr308_a (GR-308 <- B4.5[GR-308]); gr318_a (GR-318 <- B4.5[GR-318]); gr322_a (GR-322 <- B4.5[GR-322]); plmb_ksink_a (SK-3 + SK-4 <- B3.1[SK-3,SK-4]); plmb_lavfaucet_a (L-2 + L-3 + L-4 <- B3.1[L-2,L-3,L-4]); plmb_shower_a (SH-1 + SH-4 <- B3.1[SH-1,SH-4]); every one of them is also in room note n_conflicts
    room notes seeded: n_conflicts, n_d22, n_gaps, n_gategaps, n_rulings, n_type

----------------------------------------------------------------------------------------------------
ROOM 412  King Studio  (57 key(s) of this type: 104, 106, 108, 110, 112, 114, 204, 206, 208, 210, 212, 214, 216, 218, 222, 223, 224, 225, 226, 227, 229, 231, 233, 304, 306, 308, 310, 312, 314, 316, 318, 322, 323, 324, 325, 326, 327, 329, 331, 333, 404, 406, 408, 410, 412, 414, 416, 418, 422, 423, 424, 425, 426, 427, 429, 431, 433)
  doc type king-studio / "King Studio"   sheets: plan A103; room sheet A550; bath A530
  FF&E : 43 lines   [151 raw rows -> 43 gated -> 41 after 2 folds, + 2 ruled FF&E line(s)]
  MEP  : 23 lines   [77 MEP rows; 9 rough-in left off the punch; 0 deleted history row(s) in 104-MEP not copied]
  gate : 31 row(s) dropped by Austin's approved category gate (Paint / Drywall / Flooring / Doors / Stone-Surround / Wall Covering / FF&E-Misc), same as every approved floor-1 room

  DONOR USAGE - LIVE room 104 (King Studio)
    41 shared tag(s) took the donor's curated text: 901, 902, 903, 904, 905, <untagged>, GR-100, GR-101, GR-103, GR-200, GR-201, GR-202, GR-203, GR-204, GR-205, GR-301, GR-302, GR-304, GR-318, GR-319, GR-320, GR-321, GR-323, GR-400, GR-402, GR-402.1, GR-403, GR-500, GR-501, GR-502, GR-601, GR-601.1, GR-603, HD-03, HD-08, HD-12, HD-16, HD-18, HD-21, HD-22, kn 11
    0 tag(s) have NO live counterpart and ship from sqlite VERBATIM: none
    2 donor tag(s) not applicable to this type: DH-1, DH-2
    label: <untagged>: donor label extends sqlite ("Garbage disposer - Moen MGXP33C") - donor text carried
    THE DONOR MAY ENRICH, NEVER LAUNDER:
      reliability KEPT from this room's own sqlite row over the donor's on 0 line(s)
      reliability RAISED on a ruling that closes the flag for the product on 2 line(s): 902_a (902): FLAGGED -> HIGH on the ruling closure carried in the donor text; u_ce20ab6281 (<untagged>): FLAGGED -> HIGH on the ruling closure carried in the donor text
      donor text DROPPED as a reading of the donor's own drawing on 0 line(s) (quoted on the line as not carried)
    MEP text donated from 104-MEP, written for sheet A550, re-cited onto A550 - SAME SHEET, so every citation stands verbatim and no number is re-judged. The ONE exception is the
      '.1' CONNECTING plan variant, which room_types identifies as the connecting plan and which is
      dropped wherever rooms.connecting = 0 - a shared sheet is not a shared connecting plan.
      8 donor line(s) carried the DONOR's own re-point note (a fact about room 104, not this room); removed and replaced with this room's own: elec_outlets, elec_panel, elec_sink_sw, fp_smoke_a, lv_tvdata, lv_wap, mech_tstat, plmb_shower_a
      1 condensed line(s) have no row of their own in this room (carried on the donor citation): plmb_hotcold_a
      FLOOR-WRONG CITATION - fp_heads_a: 1 dropped (A121); trimmed from the cited list A120
      FLOOR-WRONG CITATION - mech_ptac: kept on this room's own row(s) M301
      FLOOR-WRONG CITATION - mech_tstat: kept on this room's own row(s) M301
      FLOOR-WRONG CITATION - plmb_fd_a: kept on this room's own row(s) P301
      FLOOR-WRONG CITATION - plmb_hotcold_a: kept on this room's own row(s) P305
      FLOOR-WRONG CITATION - plmb_trapguard_a: kept on this room's own row(s) P301
      FLOOR-WRONG CITATION - plmb_wc_a: kept (building-wide table) A100
      reliability from THIS room's own rows (never the donor's) - elec_lights: donor HIGH -> FLAGGED (worst of ITM-0014 [HIGH], ITM-0022 [FLAGGED], ITM-0023 [HIGH], ITM-0024 [HIGH], ITM-0025 [FLAGGED])
      reliability from THIS room's own rows (never the donor's) - elec_outlets: donor HIGH -> MEDIUM (worst of ITM-0017 [HIGH], ITM-0019 [HIGH], ITM-0020 [HIGH], ITM-0021 [MEDIUM])
      reliability from THIS room's own rows (never the donor's) - elec_panel: donor HIGH -> HIGH (worst of ITM-0001 [HIGH], ITM-0002 [HIGH], ITM-0003 [HIGH], ITM-0004 [HIGH], ITM-0005 [HIGH], ITM-0006 [HIGH], ITM-0007 [HIGH], ITM-0008 [HIGH], ITM-0009 [HIGH], ITM-0010 [HIGH], ITM-0011 [HIGH], ITM-0012 [HIGH], ITM-0013 [HIGH])
      reliability from THIS room's own rows (never the donor's) - lv_phone_db: donor HIGH -> FLAGGED (worst of ITM-0028 [HIGH], ITM-0031 [FLAGGED])
      reliability from THIS room's own rows (never the donor's) - lv_tvdata: donor HIGH -> FLAGGED (worst of ITM-0027 [HIGH], ITM-0029 [HIGH], ITM-0030 [FLAGGED])
      reliability from THIS room's own rows (never the donor's) - mech_grille_bath: donor HIGH -> FLAGGED (worst of ITM-0062 [HIGH], ITM-0063 [HIGH], ITM-0064 [MEDIUM], ITM-0065 [FLAGGED], ITM-0066 [MEDIUM], ITM-0067 [HIGH], ITM-0068 [HIGH], ITM-0069 [MEDIUM], ITM-0070 [FLAGGED])
      reliability from THIS room's own rows (never the donor's) - mech_grille_rm: donor HIGH -> FLAGGED (worst of ITM-0053 [FLAGGED])
      reliability from THIS room's own rows (never the donor's) - mech_ptac: donor HIGH -> MEDIUM (worst of ITM-0152 [MEDIUM], ITM-0048 [HIGH], ITM-0052 [HIGH], ITM-0054 [HIGH], ITM-0055 [HIGH], ITM-0056 [MEDIUM], ITM-0057 [HIGH], ITM-0058 [HIGH], ITM-0061 [MEDIUM])
      reliability from THIS room's own rows (never the donor's) - mech_tstat: donor HIGH -> HIGH (worst of ITM-0018 [HIGH], ITM-0059 [HIGH], ITM-0060 [HIGH])
      reliability from THIS room's own rows (never the donor's) - plmb_fd_a: donor HIGH -> MEDIUM (worst of ITM-0046 [MEDIUM])
      reliability from THIS room's own rows (never the donor's) - plmb_ksink_a: donor HIGH -> FLAGGED (worst of ITM-0051 [FLAGGED])
      reliability from THIS room's own rows (never the donor's) - plmb_lavfaucet_a: donor HIGH -> FLAGGED (worst of ITM-0043 [HIGH], ITM-0044 [HIGH], ITM-0045 [FLAGGED])
      reliability from THIS room's own rows (never the donor's) - plmb_shower_a: donor HIGH -> HIGH (worst of ITM-0150 [HIGH])
      reliability from THIS room's own rows (never the donor's) - plmb_trapguard_a: donor HIGH -> MEDIUM (worst of ITM-0047 [MEDIUM])
      reliability from THIS room's own rows (never the donor's) - plmb_wc_a: donor HIGH -> FLAGGED (worst of ITM-0039 [HIGH], ITM-0042 [FLAGGED])
      placed by product identity: ITM-0150 -> plmb_shower_a (floor-1 variant slot, MEP_VARIANT_SLOTS - the placement build_floor1 used)
      placed by product identity: ITM-0151 -> plmb_shencl_a (floor-1 variant slot, MEP_VARIANT_SLOTS - the placement build_floor1 used)
      placed by product identity: ITM-0152 -> mech_ptac (floor-1 variant slot, MEP_VARIANT_SLOTS - the placement build_floor1 used)
      placed by product identity: ITM-0156 -> fp_heads_a (floor-1 variant slot, MEP_VARIANT_SLOTS - the placement build_floor1 used)
      placed by product identity: ITM-0157 -> fp_heads_a (floor-1 variant slot, MEP_VARIANT_SLOTS - the placement build_floor1 used)
      placed by product identity: ITM-0158 -> fp_heads_a (floor-1 variant slot, MEP_VARIANT_SLOTS - the placement build_floor1 used)

  RULINGS
    APPLIED  D20 on GR-202: the ruling RESTATES the fold (sqlite already draws 2) and changes nothing - room type "King Studio" is a King-family key, which is the set D20 was ruled on
    DECLINED D12 on GR-322 - the ruling is about tag GR-322 in FF&E - Casegoods, and what this room draws in that category is GR-301, GR-302, GR-304, GR-318, GR-319, GR-320, GR-321, GR-323, so the ruling has nothing here to act on
    APPLIED  ruled lines: dh_closer_a (D28), dh_lock_a (D28)
    DECLINED D29/bsq_a: out of scope for room 412 ("King Studio", rooms.accessible 0); build_floor1.mjs scopes it the same way and this tool copies the predicate

  FLAGS CARRIED (nothing resolved)
    FF&E 5 non-HIGH line(s): 905_a [FLAGGED] 905, gr318_a [FLAGGED] GR-318, gr323_a [FLAGGED] GR-323, hd03_a [MEDIUM] HD-03, hd08_a [MEDIUM] HD-08
    MEP  13 non-HIGH line(s): elec_lights [FLAGGED] <untagged>, elec_outlets [MEDIUM] <untagged>, lv_phone_db [FLAGGED] <untagged>, lv_tvdata [FLAGGED] <untagged>, mech_grille_bath [FLAGGED] EAG-50, mech_grille_rm [FLAGGED] <untagged>, mech_ptac [MEDIUM] PTAC-1, plmb_fd_a [MEDIUM] FD, plmb_ksink_a [FLAGGED] SK-3 / SK-4, plmb_lavfaucet_a [FLAGGED] —, plmb_shower_a [FLAGGED] SH-1 / SH-4, plmb_trapguard_a [MEDIUM] TP, plmb_wc_a [FLAGGED] WC-3 / WC-4
    fp_heads_a: 3 room-specific sprinkler head row(s) carried (ITM-0156, ITM-0157, ITM-0158); donor floor-1 head total removed; reliability HIGH
    mech_ptac: 1 unit row(s) ITM-0152; mark "PTAC-1"; reliability HIGH; donor's own-row resolution removed

  CONFLICTS TABLE (data/project.sqlite conflicts, OPEN entries only)
    5 open entr(y/ies) touch this room: A11 [cited by own row(s) ITM-0101]; B3.1 [marks L-2, L-3, L-4, SH-1, SH-4, SK-3, SK-4]; B4.2 [marks 905]; B4.5 [marks GR-318, GR-323]; B5.6 [marks W4, W5]
    carried as a FLAG on 6 line(s): 905_a (905 <- B4.2[905]); gr318_a (GR-318 <- B4.5[GR-318]); gr323_a (GR-323 <- B4.5[GR-323]); plmb_ksink_a (SK-3 + SK-4 <- B3.1[SK-3,SK-4]); plmb_lavfaucet_a (L-2 + L-3 + L-4 <- B3.1[L-2,L-3,L-4]); plmb_shower_a (SH-1 + SH-4 <- B3.1[SH-1,SH-4]); every one of them is also in room note n_conflicts
    room notes seeded: n_conflicts, n_gaps, n_gategaps, n_rulings, n_type, n_typearea

----------------------------------------------------------------------------------------------------
ROOM 413  Queen-Queen  (31 key(s) of this type: 105, 107, 109, 111, 113, 115, 203, 205, 207, 209, 211, 213, 228, 234, 303, 305, 307, 309, 311, 313, 315, 328, 334, 405, 407, 409, 411, 413, 415, 428, 434)
  doc type queen-queen / "Queen-Queen"   sheets: plan A103; room sheet A555; bath A530
  FF&E : 42 lines   [154 raw rows -> 46 gated -> 40 after 6 folds, + 2 ruled FF&E line(s)]
  MEP  : 23 lines   [77 MEP rows; 9 rough-in left off the punch; 77 deleted history row(s) in 105-MEP not copied]
  gate : 31 row(s) dropped by Austin's approved category gate (Paint / Drywall / Flooring / Doors / Stone-Surround / Wall Covering / FF&E-Misc), same as every approved floor-1 room

  DONOR USAGE - LIVE room 105 (Queen-Queen)
    39 shared tag(s) took the donor's curated text: 901, 902, 903, 904, 905, <untagged>, GR-100, GR-101, GR-103, GR-200, GR-201, GR-203, GR-204, GR-205, GR-207, GR-208, GR-300, GR-302, GR-318, GR-321, GR-322, GR-400, GR-402, GR-402.1, GR-403, GR-500, GR-501, GR-502, GR-600, GR-600.1, GR-602, HD-03, HD-08, HD-12, HD-16, HD-18, HD-21, HD-22, kn 11
    1 tag(s) have NO live counterpart and ship from sqlite VERBATIM: GR-308 [FLAGGED]
    3 donor tag(s) not applicable to this type: DH-1, DH-2, GR-305
    1 RETIRED donor line(s) skipped - a tombstone is not a source
    label: <untagged>: donor label extends sqlite ("Garbage disposer - Moen MGXP33C") - donor text carried
    THE DONOR MAY ENRICH, NEVER LAUNDER:
      reliability KEPT from this room's own sqlite row over the donor's on 0 line(s)
      reliability RAISED on a ruling that closes the flag for the product on 2 line(s): 902_a (902): FLAGGED -> HIGH on the ruling closure carried in the donor text; u_ce20ab6281 (<untagged>): FLAGGED -> HIGH on the ruling closure carried in the donor text
      donor text DROPPED as a reading of the donor's own drawing on 0 line(s) (quoted on the line as not carried)
    MEP text donated from 105-MEP, written for sheet A555, re-cited onto A555 - SAME SHEET, so every citation stands verbatim and no number is re-judged. The ONE exception is the
      '.1' CONNECTING plan variant, which room_types identifies as the connecting plan and which is
      dropped wherever rooms.connecting = 0 - a shared sheet is not a shared connecting plan.
      CONNECTING plan reference(s) dropped on a NON-connecting room (rooms.connecting = 0), and the line
      says so: elec_outlets, elec_panel, elec_sink_sw, lv_tvdata, lv_wap
      1 condensed line(s) have no row of their own in this room (carried on the donor citation): plmb_hotcold_a
      FLOOR-WRONG CITATION - fp_heads_a: 1 dropped (A121); trimmed from the cited list A120
      FLOOR-WRONG CITATION - mech_ptac: kept on this room's own row(s) M301
      FLOOR-WRONG CITATION - mech_tstat: kept on this room's own row(s) M301
      FLOOR-WRONG CITATION - plmb_fd_a: kept on this room's own row(s) P301
      FLOOR-WRONG CITATION - plmb_hotcold_a: kept on this room's own row(s) P305
      FLOOR-WRONG CITATION - plmb_trapguard_a: kept on this room's own row(s) P301
      FLOOR-WRONG CITATION - plmb_wc_a: kept (building-wide table) A100
      reliability from THIS room's own rows (never the donor's) - elec_lights: donor HIGH -> FLAGGED (worst of ITM-0014 [HIGH], ITM-0022 [FLAGGED], ITM-0023 [HIGH], ITM-0024 [HIGH], ITM-0025 [FLAGGED])
      reliability from THIS room's own rows (never the donor's) - elec_outlets: donor HIGH -> MEDIUM (worst of ITM-0017 [HIGH], ITM-0019 [HIGH], ITM-0020 [HIGH], ITM-0021 [MEDIUM])
      reliability from THIS room's own rows (never the donor's) - elec_panel: donor HIGH -> HIGH (worst of ITM-0001 [HIGH], ITM-0002 [HIGH], ITM-0003 [HIGH], ITM-0004 [HIGH], ITM-0005 [HIGH], ITM-0006 [HIGH], ITM-0007 [HIGH], ITM-0008 [HIGH], ITM-0009 [HIGH], ITM-0010 [HIGH], ITM-0011 [HIGH], ITM-0012 [HIGH], ITM-0013 [HIGH])
      reliability from THIS room's own rows (never the donor's) - lv_phone_db: donor HIGH -> FLAGGED (worst of ITM-0028 [HIGH], ITM-0031 [FLAGGED])
      reliability from THIS room's own rows (never the donor's) - lv_tvdata: donor HIGH -> FLAGGED (worst of ITM-0027 [HIGH], ITM-0029 [HIGH], ITM-0030 [FLAGGED])
      reliability from THIS room's own rows (never the donor's) - mech_grille_bath: donor HIGH -> FLAGGED (worst of ITM-0062 [HIGH], ITM-0063 [HIGH], ITM-0064 [MEDIUM], ITM-0065 [FLAGGED], ITM-0066 [MEDIUM], ITM-0067 [HIGH], ITM-0068 [HIGH], ITM-0069 [MEDIUM], ITM-0070 [FLAGGED])
      reliability from THIS room's own rows (never the donor's) - mech_grille_rm: donor HIGH -> FLAGGED (worst of ITM-0053 [FLAGGED])
      reliability from THIS room's own rows (never the donor's) - mech_ptac: donor HIGH -> FLAGGED (worst of ITM-0443 [FLAGGED], ITM-0048 [HIGH], ITM-0052 [HIGH], ITM-0054 [HIGH], ITM-0055 [HIGH], ITM-0056 [MEDIUM], ITM-0057 [HIGH], ITM-0058 [HIGH], ITM-0061 [MEDIUM])
      reliability from THIS room's own rows (never the donor's) - mech_tstat: donor HIGH -> HIGH (worst of ITM-0018 [HIGH], ITM-0059 [HIGH], ITM-0060 [HIGH])
      reliability from THIS room's own rows (never the donor's) - plmb_fd_a: donor HIGH -> MEDIUM (worst of ITM-0046 [MEDIUM])
      reliability from THIS room's own rows (never the donor's) - plmb_ksink_a: donor HIGH -> FLAGGED (worst of ITM-0051 [FLAGGED])
      reliability from THIS room's own rows (never the donor's) - plmb_lavfaucet_a: donor HIGH -> FLAGGED (worst of ITM-0043 [HIGH], ITM-0044 [HIGH], ITM-0045 [FLAGGED])
      reliability from THIS room's own rows (never the donor's) - plmb_shower_a: donor HIGH -> HIGH (worst of ITM-0441 [HIGH])
      reliability from THIS room's own rows (never the donor's) - plmb_trapguard_a: donor HIGH -> MEDIUM (worst of ITM-0047 [MEDIUM])
      reliability from THIS room's own rows (never the donor's) - plmb_wc_a: donor HIGH -> FLAGGED (worst of ITM-0039 [HIGH], ITM-0042 [FLAGGED])

  RULINGS
    APPLIED  D12 on GR-322: qty 1 -> 3, and the line note says so - this room tags the nightstand family once (GR-322 only) and carries 2 queen bed(s), which is exactly the case D12 was ruled on
    DECLINED D20 on GR-202 - the ruling is about tag GR-202 in FF&E - Lighting, and what this room draws in that category is GR-200, GR-201, GR-203, GR-204, GR-205, GR-207, GR-208, so the ruling has nothing here to act on
    APPLIED  ruled lines: dh_closer_a (D28), dh_lock_a (D28)
    DECLINED D29/bsq_a: out of scope for room 413 ("Queen-Queen", rooms.accessible 0); build_floor1.mjs scopes it the same way and this tool copies the predicate
    D22: NO CORRECTION ON FLOOR 4 - the 4th Floor FF&E Installation tab does not reconcile; GR-308 carried as transcribed, OPEN for Austin - see room note n_d22

  FLAGS CARRIED (nothing resolved)
    FF&E 7 non-HIGH line(s): 905_a [FLAGGED] 905, gr300_a [FLAGGED] GR-300, gr308_a [FLAGGED] GR-308, gr318_a [FLAGGED] GR-318, gr322_a [FLAGGED] GR-322, hd03_a [MEDIUM] HD-03, hd08_a [MEDIUM] HD-08
    MEP  13 non-HIGH line(s): elec_lights [FLAGGED] <untagged>, elec_outlets [MEDIUM] <untagged>, lv_phone_db [FLAGGED] <untagged>, lv_tvdata [FLAGGED] <untagged>, mech_grille_bath [FLAGGED] EAG-50, mech_grille_rm [FLAGGED] <untagged>, mech_ptac [FLAGGED] PTAC, plmb_fd_a [MEDIUM] FD, plmb_ksink_a [FLAGGED] SK-3 / SK-4, plmb_lavfaucet_a [FLAGGED] —, plmb_shower_a [FLAGGED] SH-1 / SH-4, plmb_trapguard_a [MEDIUM] TP, plmb_wc_a [FLAGGED] WC-3 / WC-4
    fp_heads_a: 3 room-specific sprinkler head row(s) carried (ITM-0447, ITM-0448, ITM-0449); donor floor-1 head total removed; reliability HIGH

  CONFLICTS TABLE (data/project.sqlite conflicts, OPEN entries only)
    7 open entr(y/ies) touch this room: A11 [keys 115] [cited by own row(s) ITM-0103]; B3.1 [marks L-2, L-3, L-4, SH-1, SH-4, SK-3, SK-4]; B4.2 [marks 905]; B4.5 [marks GR-300, GR-308, GR-318, GR-322]; B5.3 [keys 115]; B5.4 [keys 115]; B5.6 [marks W4, W5]
    carried as a FLAG on 8 line(s): 905_a (905 <- B4.2[905]); gr300_a (GR-300 <- B4.5[GR-300]); gr308_a (GR-308 <- B4.5[GR-308]); gr318_a (GR-318 <- B4.5[GR-318]); gr322_a (GR-322 <- B4.5[GR-322]); plmb_ksink_a (SK-3 + SK-4 <- B3.1[SK-3,SK-4]); plmb_lavfaucet_a (L-2 + L-3 + L-4 <- B3.1[L-2,L-3,L-4]); plmb_shower_a (SH-1 + SH-4 <- B3.1[SH-1,SH-4]); every one of them is also in room note n_conflicts
    room notes seeded: n_conflicts, n_d22, n_dbroom, n_gaps, n_gategaps, n_rulings, n_type

----------------------------------------------------------------------------------------------------
ROOM 414  King Studio  (57 key(s) of this type: 104, 106, 108, 110, 112, 114, 204, 206, 208, 210, 212, 214, 216, 218, 222, 223, 224, 225, 226, 227, 229, 231, 233, 304, 306, 308, 310, 312, 314, 316, 318, 322, 323, 324, 325, 326, 327, 329, 331, 333, 404, 406, 408, 410, 412, 414, 416, 418, 422, 423, 424, 425, 426, 427, 429, 431, 433)
  doc type king-studio / "King Studio"   sheets: plan A103; room sheet A550; bath A530
  FF&E : 43 lines   [151 raw rows -> 43 gated -> 41 after 2 folds, + 2 ruled FF&E line(s)]
  MEP  : 23 lines   [77 MEP rows; 9 rough-in left off the punch; 0 deleted history row(s) in 104-MEP not copied]
  gate : 31 row(s) dropped by Austin's approved category gate (Paint / Drywall / Flooring / Doors / Stone-Surround / Wall Covering / FF&E-Misc), same as every approved floor-1 room

  DONOR USAGE - LIVE room 104 (King Studio)
    41 shared tag(s) took the donor's curated text: 901, 902, 903, 904, 905, <untagged>, GR-100, GR-101, GR-103, GR-200, GR-201, GR-202, GR-203, GR-204, GR-205, GR-301, GR-302, GR-304, GR-318, GR-319, GR-320, GR-321, GR-323, GR-400, GR-402, GR-402.1, GR-403, GR-500, GR-501, GR-502, GR-601, GR-601.1, GR-603, HD-03, HD-08, HD-12, HD-16, HD-18, HD-21, HD-22, kn 11
    0 tag(s) have NO live counterpart and ship from sqlite VERBATIM: none
    2 donor tag(s) not applicable to this type: DH-1, DH-2
    label: <untagged>: donor label extends sqlite ("Garbage disposer - Moen MGXP33C") - donor text carried
    THE DONOR MAY ENRICH, NEVER LAUNDER:
      reliability KEPT from this room's own sqlite row over the donor's on 0 line(s)
      reliability RAISED on a ruling that closes the flag for the product on 2 line(s): 902_a (902): FLAGGED -> HIGH on the ruling closure carried in the donor text; u_ce20ab6281 (<untagged>): FLAGGED -> HIGH on the ruling closure carried in the donor text
      donor text DROPPED as a reading of the donor's own drawing on 0 line(s) (quoted on the line as not carried)
    MEP text donated from 104-MEP, written for sheet A550, re-cited onto A550 - SAME SHEET, so every citation stands verbatim and no number is re-judged. The ONE exception is the
      '.1' CONNECTING plan variant, which room_types identifies as the connecting plan and which is
      dropped wherever rooms.connecting = 0 - a shared sheet is not a shared connecting plan.
      8 donor line(s) carried the DONOR's own re-point note (a fact about room 104, not this room); removed and replaced with this room's own: elec_outlets, elec_panel, elec_sink_sw, fp_smoke_a, lv_tvdata, lv_wap, mech_tstat, plmb_shower_a
      1 condensed line(s) have no row of their own in this room (carried on the donor citation): plmb_hotcold_a
      FLOOR-WRONG CITATION - fp_heads_a: 1 dropped (A121); trimmed from the cited list A120
      FLOOR-WRONG CITATION - mech_ptac: kept on this room's own row(s) M301
      FLOOR-WRONG CITATION - mech_tstat: kept on this room's own row(s) M301
      FLOOR-WRONG CITATION - plmb_fd_a: kept on this room's own row(s) P301
      FLOOR-WRONG CITATION - plmb_hotcold_a: kept on this room's own row(s) P305
      FLOOR-WRONG CITATION - plmb_trapguard_a: kept on this room's own row(s) P301
      FLOOR-WRONG CITATION - plmb_wc_a: kept (building-wide table) A100
      reliability from THIS room's own rows (never the donor's) - elec_lights: donor HIGH -> FLAGGED (worst of ITM-0014 [HIGH], ITM-0022 [FLAGGED], ITM-0023 [HIGH], ITM-0024 [HIGH], ITM-0025 [FLAGGED])
      reliability from THIS room's own rows (never the donor's) - elec_outlets: donor HIGH -> MEDIUM (worst of ITM-0017 [HIGH], ITM-0019 [HIGH], ITM-0020 [HIGH], ITM-0021 [MEDIUM])
      reliability from THIS room's own rows (never the donor's) - elec_panel: donor HIGH -> HIGH (worst of ITM-0001 [HIGH], ITM-0002 [HIGH], ITM-0003 [HIGH], ITM-0004 [HIGH], ITM-0005 [HIGH], ITM-0006 [HIGH], ITM-0007 [HIGH], ITM-0008 [HIGH], ITM-0009 [HIGH], ITM-0010 [HIGH], ITM-0011 [HIGH], ITM-0012 [HIGH], ITM-0013 [HIGH])
      reliability from THIS room's own rows (never the donor's) - lv_phone_db: donor HIGH -> FLAGGED (worst of ITM-0028 [HIGH], ITM-0031 [FLAGGED])
      reliability from THIS room's own rows (never the donor's) - lv_tvdata: donor HIGH -> FLAGGED (worst of ITM-0027 [HIGH], ITM-0029 [HIGH], ITM-0030 [FLAGGED])
      reliability from THIS room's own rows (never the donor's) - mech_grille_bath: donor HIGH -> FLAGGED (worst of ITM-0062 [HIGH], ITM-0063 [HIGH], ITM-0064 [MEDIUM], ITM-0065 [FLAGGED], ITM-0066 [MEDIUM], ITM-0067 [HIGH], ITM-0068 [HIGH], ITM-0069 [MEDIUM], ITM-0070 [FLAGGED])
      reliability from THIS room's own rows (never the donor's) - mech_grille_rm: donor HIGH -> FLAGGED (worst of ITM-0053 [FLAGGED])
      reliability from THIS room's own rows (never the donor's) - mech_ptac: donor HIGH -> MEDIUM (worst of ITM-0152 [MEDIUM], ITM-0048 [HIGH], ITM-0052 [HIGH], ITM-0054 [HIGH], ITM-0055 [HIGH], ITM-0056 [MEDIUM], ITM-0057 [HIGH], ITM-0058 [HIGH], ITM-0061 [MEDIUM])
      reliability from THIS room's own rows (never the donor's) - mech_tstat: donor HIGH -> HIGH (worst of ITM-0018 [HIGH], ITM-0059 [HIGH], ITM-0060 [HIGH])
      reliability from THIS room's own rows (never the donor's) - plmb_fd_a: donor HIGH -> MEDIUM (worst of ITM-0046 [MEDIUM])
      reliability from THIS room's own rows (never the donor's) - plmb_ksink_a: donor HIGH -> FLAGGED (worst of ITM-0051 [FLAGGED])
      reliability from THIS room's own rows (never the donor's) - plmb_lavfaucet_a: donor HIGH -> FLAGGED (worst of ITM-0043 [HIGH], ITM-0044 [HIGH], ITM-0045 [FLAGGED])
      reliability from THIS room's own rows (never the donor's) - plmb_shower_a: donor HIGH -> HIGH (worst of ITM-0150 [HIGH])
      reliability from THIS room's own rows (never the donor's) - plmb_trapguard_a: donor HIGH -> MEDIUM (worst of ITM-0047 [MEDIUM])
      reliability from THIS room's own rows (never the donor's) - plmb_wc_a: donor HIGH -> FLAGGED (worst of ITM-0039 [HIGH], ITM-0042 [FLAGGED])
      placed by product identity: ITM-0150 -> plmb_shower_a (floor-1 variant slot, MEP_VARIANT_SLOTS - the placement build_floor1 used)
      placed by product identity: ITM-0151 -> plmb_shencl_a (floor-1 variant slot, MEP_VARIANT_SLOTS - the placement build_floor1 used)
      placed by product identity: ITM-0152 -> mech_ptac (floor-1 variant slot, MEP_VARIANT_SLOTS - the placement build_floor1 used)
      placed by product identity: ITM-0156 -> fp_heads_a (floor-1 variant slot, MEP_VARIANT_SLOTS - the placement build_floor1 used)
      placed by product identity: ITM-0157 -> fp_heads_a (floor-1 variant slot, MEP_VARIANT_SLOTS - the placement build_floor1 used)
      placed by product identity: ITM-0158 -> fp_heads_a (floor-1 variant slot, MEP_VARIANT_SLOTS - the placement build_floor1 used)

  RULINGS
    APPLIED  D20 on GR-202: the ruling RESTATES the fold (sqlite already draws 2) and changes nothing - room type "King Studio" is a King-family key, which is the set D20 was ruled on
    DECLINED D12 on GR-322 - the ruling is about tag GR-322 in FF&E - Casegoods, and what this room draws in that category is GR-301, GR-302, GR-304, GR-318, GR-319, GR-320, GR-321, GR-323, so the ruling has nothing here to act on
    APPLIED  ruled lines: dh_closer_a (D28), dh_lock_a (D28)
    DECLINED D29/bsq_a: out of scope for room 414 ("King Studio", rooms.accessible 0); build_floor1.mjs scopes it the same way and this tool copies the predicate

  FLAGS CARRIED (nothing resolved)
    FF&E 5 non-HIGH line(s): 905_a [FLAGGED] 905, gr318_a [FLAGGED] GR-318, gr323_a [FLAGGED] GR-323, hd03_a [MEDIUM] HD-03, hd08_a [MEDIUM] HD-08
    MEP  13 non-HIGH line(s): elec_lights [FLAGGED] <untagged>, elec_outlets [MEDIUM] <untagged>, lv_phone_db [FLAGGED] <untagged>, lv_tvdata [FLAGGED] <untagged>, mech_grille_bath [FLAGGED] EAG-50, mech_grille_rm [FLAGGED] <untagged>, mech_ptac [MEDIUM] PTAC-1, plmb_fd_a [MEDIUM] FD, plmb_ksink_a [FLAGGED] SK-3 / SK-4, plmb_lavfaucet_a [FLAGGED] —, plmb_shower_a [FLAGGED] SH-1 / SH-4, plmb_trapguard_a [MEDIUM] TP, plmb_wc_a [FLAGGED] WC-3 / WC-4
    fp_heads_a: 3 room-specific sprinkler head row(s) carried (ITM-0156, ITM-0157, ITM-0158); donor floor-1 head total removed; reliability HIGH
    mech_ptac: 1 unit row(s) ITM-0152; mark "PTAC-1"; reliability HIGH; donor's own-row resolution removed

  CONFLICTS TABLE (data/project.sqlite conflicts, OPEN entries only)
    5 open entr(y/ies) touch this room: A11 [cited by own row(s) ITM-0101]; B3.1 [marks L-2, L-3, L-4, SH-1, SH-4, SK-3, SK-4]; B4.2 [marks 905]; B4.5 [marks GR-318, GR-323]; B5.6 [marks W4, W5]
    carried as a FLAG on 6 line(s): 905_a (905 <- B4.2[905]); gr318_a (GR-318 <- B4.5[GR-318]); gr323_a (GR-323 <- B4.5[GR-323]); plmb_ksink_a (SK-3 + SK-4 <- B3.1[SK-3,SK-4]); plmb_lavfaucet_a (L-2 + L-3 + L-4 <- B3.1[L-2,L-3,L-4]); plmb_shower_a (SH-1 + SH-4 <- B3.1[SH-1,SH-4]); every one of them is also in room note n_conflicts
    room notes seeded: n_conflicts, n_gaps, n_gategaps, n_rulings, n_type, n_typearea

----------------------------------------------------------------------------------------------------
ROOM 415  Queen-Queen  (31 key(s) of this type: 105, 107, 109, 111, 113, 115, 203, 205, 207, 209, 211, 213, 228, 234, 303, 305, 307, 309, 311, 313, 315, 328, 334, 405, 407, 409, 411, 413, 415, 428, 434)
  doc type queen-queen / "Queen-Queen"   sheets: plan A103; room sheet A555; bath A530
  FF&E : 42 lines   [154 raw rows -> 46 gated -> 40 after 6 folds, + 2 ruled FF&E line(s)]
  MEP  : 23 lines   [77 MEP rows; 9 rough-in left off the punch; 77 deleted history row(s) in 105-MEP not copied]
  gate : 31 row(s) dropped by Austin's approved category gate (Paint / Drywall / Flooring / Doors / Stone-Surround / Wall Covering / FF&E-Misc), same as every approved floor-1 room

  DONOR USAGE - LIVE room 105 (Queen-Queen)
    39 shared tag(s) took the donor's curated text: 901, 902, 903, 904, 905, <untagged>, GR-100, GR-101, GR-103, GR-200, GR-201, GR-203, GR-204, GR-205, GR-207, GR-208, GR-300, GR-302, GR-318, GR-321, GR-322, GR-400, GR-402, GR-402.1, GR-403, GR-500, GR-501, GR-502, GR-600, GR-600.1, GR-602, HD-03, HD-08, HD-12, HD-16, HD-18, HD-21, HD-22, kn 11
    1 tag(s) have NO live counterpart and ship from sqlite VERBATIM: GR-308 [FLAGGED]
    3 donor tag(s) not applicable to this type: DH-1, DH-2, GR-305
    1 RETIRED donor line(s) skipped - a tombstone is not a source
    label: <untagged>: donor label extends sqlite ("Garbage disposer - Moen MGXP33C") - donor text carried
    THE DONOR MAY ENRICH, NEVER LAUNDER:
      reliability KEPT from this room's own sqlite row over the donor's on 0 line(s)
      reliability RAISED on a ruling that closes the flag for the product on 2 line(s): 902_a (902): FLAGGED -> HIGH on the ruling closure carried in the donor text; u_ce20ab6281 (<untagged>): FLAGGED -> HIGH on the ruling closure carried in the donor text
      donor text DROPPED as a reading of the donor's own drawing on 0 line(s) (quoted on the line as not carried)
    MEP text donated from 105-MEP, written for sheet A555, re-cited onto A555 - SAME SHEET, so every citation stands verbatim and no number is re-judged. The ONE exception is the
      '.1' CONNECTING plan variant, which room_types identifies as the connecting plan and which is
      dropped wherever rooms.connecting = 0 - a shared sheet is not a shared connecting plan.
      CONNECTING plan reference(s) dropped on a NON-connecting room (rooms.connecting = 0), and the line
      says so: elec_outlets, elec_panel, elec_sink_sw, lv_tvdata, lv_wap
      1 condensed line(s) have no row of their own in this room (carried on the donor citation): plmb_hotcold_a
      FLOOR-WRONG CITATION - fp_heads_a: 1 dropped (A121); trimmed from the cited list A120
      FLOOR-WRONG CITATION - mech_ptac: kept on this room's own row(s) M301
      FLOOR-WRONG CITATION - mech_tstat: kept on this room's own row(s) M301
      FLOOR-WRONG CITATION - plmb_fd_a: kept on this room's own row(s) P301
      FLOOR-WRONG CITATION - plmb_hotcold_a: kept on this room's own row(s) P305
      FLOOR-WRONG CITATION - plmb_trapguard_a: kept on this room's own row(s) P301
      FLOOR-WRONG CITATION - plmb_wc_a: kept (building-wide table) A100
      reliability from THIS room's own rows (never the donor's) - elec_lights: donor HIGH -> FLAGGED (worst of ITM-0014 [HIGH], ITM-0022 [FLAGGED], ITM-0023 [HIGH], ITM-0024 [HIGH], ITM-0025 [FLAGGED])
      reliability from THIS room's own rows (never the donor's) - elec_outlets: donor HIGH -> MEDIUM (worst of ITM-0017 [HIGH], ITM-0019 [HIGH], ITM-0020 [HIGH], ITM-0021 [MEDIUM])
      reliability from THIS room's own rows (never the donor's) - elec_panel: donor HIGH -> HIGH (worst of ITM-0001 [HIGH], ITM-0002 [HIGH], ITM-0003 [HIGH], ITM-0004 [HIGH], ITM-0005 [HIGH], ITM-0006 [HIGH], ITM-0007 [HIGH], ITM-0008 [HIGH], ITM-0009 [HIGH], ITM-0010 [HIGH], ITM-0011 [HIGH], ITM-0012 [HIGH], ITM-0013 [HIGH])
      reliability from THIS room's own rows (never the donor's) - lv_phone_db: donor HIGH -> FLAGGED (worst of ITM-0028 [HIGH], ITM-0031 [FLAGGED])
      reliability from THIS room's own rows (never the donor's) - lv_tvdata: donor HIGH -> FLAGGED (worst of ITM-0027 [HIGH], ITM-0029 [HIGH], ITM-0030 [FLAGGED])
      reliability from THIS room's own rows (never the donor's) - mech_grille_bath: donor HIGH -> FLAGGED (worst of ITM-0062 [HIGH], ITM-0063 [HIGH], ITM-0064 [MEDIUM], ITM-0065 [FLAGGED], ITM-0066 [MEDIUM], ITM-0067 [HIGH], ITM-0068 [HIGH], ITM-0069 [MEDIUM], ITM-0070 [FLAGGED])
      reliability from THIS room's own rows (never the donor's) - mech_grille_rm: donor HIGH -> FLAGGED (worst of ITM-0053 [FLAGGED])
      reliability from THIS room's own rows (never the donor's) - mech_ptac: donor HIGH -> FLAGGED (worst of ITM-0443 [FLAGGED], ITM-0048 [HIGH], ITM-0052 [HIGH], ITM-0054 [HIGH], ITM-0055 [HIGH], ITM-0056 [MEDIUM], ITM-0057 [HIGH], ITM-0058 [HIGH], ITM-0061 [MEDIUM])
      reliability from THIS room's own rows (never the donor's) - mech_tstat: donor HIGH -> HIGH (worst of ITM-0018 [HIGH], ITM-0059 [HIGH], ITM-0060 [HIGH])
      reliability from THIS room's own rows (never the donor's) - plmb_fd_a: donor HIGH -> MEDIUM (worst of ITM-0046 [MEDIUM])
      reliability from THIS room's own rows (never the donor's) - plmb_ksink_a: donor HIGH -> FLAGGED (worst of ITM-0051 [FLAGGED])
      reliability from THIS room's own rows (never the donor's) - plmb_lavfaucet_a: donor HIGH -> FLAGGED (worst of ITM-0043 [HIGH], ITM-0044 [HIGH], ITM-0045 [FLAGGED])
      reliability from THIS room's own rows (never the donor's) - plmb_shower_a: donor HIGH -> HIGH (worst of ITM-0441 [HIGH])
      reliability from THIS room's own rows (never the donor's) - plmb_trapguard_a: donor HIGH -> MEDIUM (worst of ITM-0047 [MEDIUM])
      reliability from THIS room's own rows (never the donor's) - plmb_wc_a: donor HIGH -> FLAGGED (worst of ITM-0039 [HIGH], ITM-0042 [FLAGGED])

  RULINGS
    APPLIED  D12 on GR-322: qty 1 -> 3, and the line note says so - this room tags the nightstand family once (GR-322 only) and carries 2 queen bed(s), which is exactly the case D12 was ruled on
    DECLINED D20 on GR-202 - the ruling is about tag GR-202 in FF&E - Lighting, and what this room draws in that category is GR-200, GR-201, GR-203, GR-204, GR-205, GR-207, GR-208, so the ruling has nothing here to act on
    APPLIED  ruled lines: dh_closer_a (D28), dh_lock_a (D28)
    DECLINED D29/bsq_a: out of scope for room 415 ("Queen-Queen", rooms.accessible 0); build_floor1.mjs scopes it the same way and this tool copies the predicate
    D22: NO CORRECTION ON FLOOR 4 - the 4th Floor FF&E Installation tab does not reconcile; GR-308 carried as transcribed, OPEN for Austin - see room note n_d22

  FLAGS CARRIED (nothing resolved)
    FF&E 7 non-HIGH line(s): 905_a [FLAGGED] 905, gr300_a [FLAGGED] GR-300, gr308_a [FLAGGED] GR-308, gr318_a [FLAGGED] GR-318, gr322_a [FLAGGED] GR-322, hd03_a [MEDIUM] HD-03, hd08_a [MEDIUM] HD-08
    MEP  13 non-HIGH line(s): elec_lights [FLAGGED] <untagged>, elec_outlets [MEDIUM] <untagged>, lv_phone_db [FLAGGED] <untagged>, lv_tvdata [FLAGGED] <untagged>, mech_grille_bath [FLAGGED] EAG-50, mech_grille_rm [FLAGGED] <untagged>, mech_ptac [FLAGGED] PTAC, plmb_fd_a [MEDIUM] FD, plmb_ksink_a [FLAGGED] SK-3 / SK-4, plmb_lavfaucet_a [FLAGGED] —, plmb_shower_a [FLAGGED] SH-1 / SH-4, plmb_trapguard_a [MEDIUM] TP, plmb_wc_a [FLAGGED] WC-3 / WC-4
    fp_heads_a: 3 room-specific sprinkler head row(s) carried (ITM-0447, ITM-0448, ITM-0449); donor floor-1 head total removed; reliability HIGH

  CONFLICTS TABLE (data/project.sqlite conflicts, OPEN entries only)
    7 open entr(y/ies) touch this room: A11 [keys 115] [cited by own row(s) ITM-0103]; B3.1 [marks L-2, L-3, L-4, SH-1, SH-4, SK-3, SK-4]; B4.2 [marks 905]; B4.5 [marks GR-300, GR-308, GR-318, GR-322]; B5.3 [keys 115]; B5.4 [keys 115]; B5.6 [marks W4, W5]
    carried as a FLAG on 8 line(s): 905_a (905 <- B4.2[905]); gr300_a (GR-300 <- B4.5[GR-300]); gr308_a (GR-308 <- B4.5[GR-308]); gr318_a (GR-318 <- B4.5[GR-318]); gr322_a (GR-322 <- B4.5[GR-322]); plmb_ksink_a (SK-3 + SK-4 <- B3.1[SK-3,SK-4]); plmb_lavfaucet_a (L-2 + L-3 + L-4 <- B3.1[L-2,L-3,L-4]); plmb_shower_a (SH-1 + SH-4 <- B3.1[SH-1,SH-4]); every one of them is also in room note n_conflicts
    room notes seeded: n_conflicts, n_d22, n_gaps, n_gategaps, n_rulings, n_type

----------------------------------------------------------------------------------------------------
ROOM 416  King Studio  (57 key(s) of this type: 104, 106, 108, 110, 112, 114, 204, 206, 208, 210, 212, 214, 216, 218, 222, 223, 224, 225, 226, 227, 229, 231, 233, 304, 306, 308, 310, 312, 314, 316, 318, 322, 323, 324, 325, 326, 327, 329, 331, 333, 404, 406, 408, 410, 412, 414, 416, 418, 422, 423, 424, 425, 426, 427, 429, 431, 433)
  doc type king-studio / "King Studio"   sheets: plan A103; room sheet A550; bath A530
  FF&E : 43 lines   [151 raw rows -> 43 gated -> 41 after 2 folds, + 2 ruled FF&E line(s)]
  MEP  : 23 lines   [77 MEP rows; 9 rough-in left off the punch; 0 deleted history row(s) in 104-MEP not copied]
  gate : 31 row(s) dropped by Austin's approved category gate (Paint / Drywall / Flooring / Doors / Stone-Surround / Wall Covering / FF&E-Misc), same as every approved floor-1 room

  DONOR USAGE - LIVE room 104 (King Studio)
    41 shared tag(s) took the donor's curated text: 901, 902, 903, 904, 905, <untagged>, GR-100, GR-101, GR-103, GR-200, GR-201, GR-202, GR-203, GR-204, GR-205, GR-301, GR-302, GR-304, GR-318, GR-319, GR-320, GR-321, GR-323, GR-400, GR-402, GR-402.1, GR-403, GR-500, GR-501, GR-502, GR-601, GR-601.1, GR-603, HD-03, HD-08, HD-12, HD-16, HD-18, HD-21, HD-22, kn 11
    0 tag(s) have NO live counterpart and ship from sqlite VERBATIM: none
    2 donor tag(s) not applicable to this type: DH-1, DH-2
    label: <untagged>: donor label extends sqlite ("Garbage disposer - Moen MGXP33C") - donor text carried
    THE DONOR MAY ENRICH, NEVER LAUNDER:
      reliability KEPT from this room's own sqlite row over the donor's on 0 line(s)
      reliability RAISED on a ruling that closes the flag for the product on 2 line(s): 902_a (902): FLAGGED -> HIGH on the ruling closure carried in the donor text; u_ce20ab6281 (<untagged>): FLAGGED -> HIGH on the ruling closure carried in the donor text
      donor text DROPPED as a reading of the donor's own drawing on 0 line(s) (quoted on the line as not carried)
    MEP text donated from 104-MEP, written for sheet A550, re-cited onto A550 - SAME SHEET, so every citation stands verbatim and no number is re-judged. The ONE exception is the
      '.1' CONNECTING plan variant, which room_types identifies as the connecting plan and which is
      dropped wherever rooms.connecting = 0 - a shared sheet is not a shared connecting plan.
      8 donor line(s) carried the DONOR's own re-point note (a fact about room 104, not this room); removed and replaced with this room's own: elec_outlets, elec_panel, elec_sink_sw, fp_smoke_a, lv_tvdata, lv_wap, mech_tstat, plmb_shower_a
      1 condensed line(s) have no row of their own in this room (carried on the donor citation): plmb_hotcold_a
      FLOOR-WRONG CITATION - fp_heads_a: 1 dropped (A121); trimmed from the cited list A120
      FLOOR-WRONG CITATION - mech_ptac: kept on this room's own row(s) M301
      FLOOR-WRONG CITATION - mech_tstat: kept on this room's own row(s) M301
      FLOOR-WRONG CITATION - plmb_fd_a: kept on this room's own row(s) P301
      FLOOR-WRONG CITATION - plmb_hotcold_a: kept on this room's own row(s) P305
      FLOOR-WRONG CITATION - plmb_trapguard_a: kept on this room's own row(s) P301
      FLOOR-WRONG CITATION - plmb_wc_a: kept (building-wide table) A100
      reliability from THIS room's own rows (never the donor's) - elec_lights: donor HIGH -> FLAGGED (worst of ITM-0014 [HIGH], ITM-0022 [FLAGGED], ITM-0023 [HIGH], ITM-0024 [HIGH], ITM-0025 [FLAGGED])
      reliability from THIS room's own rows (never the donor's) - elec_outlets: donor HIGH -> MEDIUM (worst of ITM-0017 [HIGH], ITM-0019 [HIGH], ITM-0020 [HIGH], ITM-0021 [MEDIUM])
      reliability from THIS room's own rows (never the donor's) - elec_panel: donor HIGH -> HIGH (worst of ITM-0001 [HIGH], ITM-0002 [HIGH], ITM-0003 [HIGH], ITM-0004 [HIGH], ITM-0005 [HIGH], ITM-0006 [HIGH], ITM-0007 [HIGH], ITM-0008 [HIGH], ITM-0009 [HIGH], ITM-0010 [HIGH], ITM-0011 [HIGH], ITM-0012 [HIGH], ITM-0013 [HIGH])
      reliability from THIS room's own rows (never the donor's) - lv_phone_db: donor HIGH -> FLAGGED (worst of ITM-0028 [HIGH], ITM-0031 [FLAGGED])
      reliability from THIS room's own rows (never the donor's) - lv_tvdata: donor HIGH -> FLAGGED (worst of ITM-0027 [HIGH], ITM-0029 [HIGH], ITM-0030 [FLAGGED])
      reliability from THIS room's own rows (never the donor's) - mech_grille_bath: donor HIGH -> FLAGGED (worst of ITM-0062 [HIGH], ITM-0063 [HIGH], ITM-0064 [MEDIUM], ITM-0065 [FLAGGED], ITM-0066 [MEDIUM], ITM-0067 [HIGH], ITM-0068 [HIGH], ITM-0069 [MEDIUM], ITM-0070 [FLAGGED])
      reliability from THIS room's own rows (never the donor's) - mech_grille_rm: donor HIGH -> FLAGGED (worst of ITM-0053 [FLAGGED])
      reliability from THIS room's own rows (never the donor's) - mech_ptac: donor HIGH -> MEDIUM (worst of ITM-0152 [MEDIUM], ITM-0048 [HIGH], ITM-0052 [HIGH], ITM-0054 [HIGH], ITM-0055 [HIGH], ITM-0056 [MEDIUM], ITM-0057 [HIGH], ITM-0058 [HIGH], ITM-0061 [MEDIUM])
      reliability from THIS room's own rows (never the donor's) - mech_tstat: donor HIGH -> HIGH (worst of ITM-0018 [HIGH], ITM-0059 [HIGH], ITM-0060 [HIGH])
      reliability from THIS room's own rows (never the donor's) - plmb_fd_a: donor HIGH -> MEDIUM (worst of ITM-0046 [MEDIUM])
      reliability from THIS room's own rows (never the donor's) - plmb_ksink_a: donor HIGH -> FLAGGED (worst of ITM-0051 [FLAGGED])
      reliability from THIS room's own rows (never the donor's) - plmb_lavfaucet_a: donor HIGH -> FLAGGED (worst of ITM-0043 [HIGH], ITM-0044 [HIGH], ITM-0045 [FLAGGED])
      reliability from THIS room's own rows (never the donor's) - plmb_shower_a: donor HIGH -> HIGH (worst of ITM-0150 [HIGH])
      reliability from THIS room's own rows (never the donor's) - plmb_trapguard_a: donor HIGH -> MEDIUM (worst of ITM-0047 [MEDIUM])
      reliability from THIS room's own rows (never the donor's) - plmb_wc_a: donor HIGH -> FLAGGED (worst of ITM-0039 [HIGH], ITM-0042 [FLAGGED])
      placed by product identity: ITM-0150 -> plmb_shower_a (floor-1 variant slot, MEP_VARIANT_SLOTS - the placement build_floor1 used)
      placed by product identity: ITM-0151 -> plmb_shencl_a (floor-1 variant slot, MEP_VARIANT_SLOTS - the placement build_floor1 used)
      placed by product identity: ITM-0152 -> mech_ptac (floor-1 variant slot, MEP_VARIANT_SLOTS - the placement build_floor1 used)
      placed by product identity: ITM-0156 -> fp_heads_a (floor-1 variant slot, MEP_VARIANT_SLOTS - the placement build_floor1 used)
      placed by product identity: ITM-0157 -> fp_heads_a (floor-1 variant slot, MEP_VARIANT_SLOTS - the placement build_floor1 used)
      placed by product identity: ITM-0158 -> fp_heads_a (floor-1 variant slot, MEP_VARIANT_SLOTS - the placement build_floor1 used)

  RULINGS
    APPLIED  D20 on GR-202: the ruling RESTATES the fold (sqlite already draws 2) and changes nothing - room type "King Studio" is a King-family key, which is the set D20 was ruled on
    DECLINED D12 on GR-322 - the ruling is about tag GR-322 in FF&E - Casegoods, and what this room draws in that category is GR-301, GR-302, GR-304, GR-318, GR-319, GR-320, GR-321, GR-323, so the ruling has nothing here to act on
    APPLIED  ruled lines: dh_closer_a (D28), dh_lock_a (D28)
    DECLINED D29/bsq_a: out of scope for room 416 ("King Studio", rooms.accessible 0); build_floor1.mjs scopes it the same way and this tool copies the predicate

  FLAGS CARRIED (nothing resolved)
    FF&E 5 non-HIGH line(s): 905_a [FLAGGED] 905, gr318_a [FLAGGED] GR-318, gr323_a [FLAGGED] GR-323, hd03_a [MEDIUM] HD-03, hd08_a [MEDIUM] HD-08
    MEP  13 non-HIGH line(s): elec_lights [FLAGGED] <untagged>, elec_outlets [MEDIUM] <untagged>, lv_phone_db [FLAGGED] <untagged>, lv_tvdata [FLAGGED] <untagged>, mech_grille_bath [FLAGGED] EAG-50, mech_grille_rm [FLAGGED] <untagged>, mech_ptac [MEDIUM] PTAC-1, plmb_fd_a [MEDIUM] FD, plmb_ksink_a [FLAGGED] SK-3 / SK-4, plmb_lavfaucet_a [FLAGGED] —, plmb_shower_a [FLAGGED] SH-1 / SH-4, plmb_trapguard_a [MEDIUM] TP, plmb_wc_a [FLAGGED] WC-3 / WC-4
    fp_heads_a: 3 room-specific sprinkler head row(s) carried (ITM-0156, ITM-0157, ITM-0158); donor floor-1 head total removed; reliability HIGH
    mech_ptac: 1 unit row(s) ITM-0152; mark "PTAC-1"; reliability HIGH; donor's own-row resolution removed

  CONFLICTS TABLE (data/project.sqlite conflicts, OPEN entries only)
    5 open entr(y/ies) touch this room: A11 [cited by own row(s) ITM-0101]; B3.1 [marks L-2, L-3, L-4, SH-1, SH-4, SK-3, SK-4]; B4.2 [marks 905]; B4.5 [marks GR-318, GR-323]; B5.6 [marks W4, W5]
    carried as a FLAG on 6 line(s): 905_a (905 <- B4.2[905]); gr318_a (GR-318 <- B4.5[GR-318]); gr323_a (GR-323 <- B4.5[GR-323]); plmb_ksink_a (SK-3 + SK-4 <- B3.1[SK-3,SK-4]); plmb_lavfaucet_a (L-2 + L-3 + L-4 <- B3.1[L-2,L-3,L-4]); plmb_shower_a (SH-1 + SH-4 <- B3.1[SH-1,SH-4]); every one of them is also in room note n_conflicts
    room notes seeded: n_conflicts, n_gaps, n_gategaps, n_rulings, n_type, n_typearea

----------------------------------------------------------------------------------------------------
ROOM 417  King One Bedroom Acc.  (3 key(s) of this type: 217, 317, 417)
  doc type king-one-bedroom-acc / "King One Bedroom Acc."   sheets: plan A103; room sheet A554; bath A533
  FF&E : 47 lines   [183 raw rows -> 55 gated -> 45 after 8 folds, + 2 ruled FF&E line(s)]
  MEP  : 37 lines   [87 MEP rows; 9 rough-in left off the punch; 0 deleted history row(s) in 104-MEP not copied]
  gate : 41 row(s) dropped by Austin's approved category gate (Paint / Drywall / Flooring / Doors / Stone-Surround / Wall Covering / FF&E-Misc), same as every approved floor-1 room

  DONOR USAGE - LIVE room 104 (King Studio)
    27 shared tag(s) took the donor's curated text: 901, 902, 903, 904, 905, <untagged>, GR-100, GR-101, GR-103, GR-200, GR-201, GR-202, GR-203, GR-205, GR-301, GR-318, GR-319, GR-320, GR-323, GR-500, GR-501, GR-502, GR-601, HD-08, HD-12, HD-16, HD-22
    18 tag(s) have NO live counterpart and ship from sqlite VERBATIM: <untagged> [FLAGGED], GR-102, GR-303, GR-316, GR-317, GR-324, GR-401, GR-404, GR-503, GR-603.1, GR-603.ADA, HD-02 [MEDIUM], HD-05 [FLAGGED], HD-06 [MEDIUM], HD-09 [MEDIUM], HD-10 [MEDIUM], HD-14 [FLAGGED], HD-5.1 [FLAGGED]
    16 donor tag(s) not applicable to this type: DH-1, DH-2, GR-204, GR-302, GR-304, GR-321, GR-400, GR-402, GR-402.1, GR-403, GR-601.1, GR-603, HD-03, HD-18, HD-21, kn 11
    label: <untagged>: donor label extends sqlite ("Garbage disposer - Moen MGXP33C") - donor text carried
    qty:   HD-08: qty 4 here vs 1 in donor room 104 (sqlite governs; the donor supplies text only)
    qty:   903: qty 2 here vs 1 in donor room 104 (sqlite governs; the donor supplies text only)
    qty:   905: qty 2 here vs 1 in donor room 104 (sqlite governs; the donor supplies text only)
    THE DONOR MAY ENRICH, NEVER LAUNDER:
      reliability KEPT from this room's own sqlite row over the donor's on 1 line(s): 905_a (905): sqlite MEDIUM KEPT over donor HIGH
      reliability RAISED on a ruling that closes the flag for the product on 2 line(s): 902_a (902): FLAGGED -> HIGH on the ruling closure carried in the donor text; u_ce20ab6281 (<untagged>): FLAGGED -> HIGH on the ruling closure carried in the donor text
      donor text DROPPED as a reading of the donor's own drawing on 1 line(s): hd08_a (HD-08): "⚑ elevation-sourced - not a takeoff" (quoted on the line as not carried)
    MEP text donated from 104-MEP, written for sheet A550, re-cited onto A554
      8 donor line(s) carried the DONOR's own re-point note (a fact about room 104, not this room); removed and replaced with this room's own: elec_outlets, elec_panel, elec_sink_sw, fp_smoke_a, lv_tvdata, lv_wap, mech_tstat, plmb_shower_a
      citation number NOT carried across sheets - lv_phone_db: view 01 -> replaced by this room's own row(s) ITM-0028, ITM-0031
      citation number NOT carried across sheets - mech_grille_rm: view 08 -> sheet cited by name only
      citation number NOT carried across sheets - mech_ptac: view 08 -> proven sheet-independent numbering kept: A554 KN1
      citation number NOT carried across sheets - plmb_shencl_a: view 01, keynote 5 -> sheet cited by name only
      4 condensed line(s) have no row of their own in this room (carried on the donor citation): fp_heads_a, plmb_hotcold_a, plmb_shencl_a, plmb_shower_a
      FLOOR-WRONG CITATION - db_itm0721 (own row): kept on this room's own row A100
      FLOOR-WRONG CITATION - db_itm0723 (own row): kept on this room's own row P301
      FLOOR-WRONG CITATION - fp_heads_a: 1 dropped (A121); trimmed from the cited list A120
      FLOOR-WRONG CITATION - mech_ptac: kept on this room's own row(s) M301
      FLOOR-WRONG CITATION - mech_tstat: kept on this room's own row(s) M301
      FLOOR-WRONG CITATION - plmb_fd_a: kept on this room's own row(s) P301
      FLOOR-WRONG CITATION - plmb_hotcold_a: kept on this room's own row(s) P305
      FLOOR-WRONG CITATION - plmb_trapguard_a: kept on this room's own row(s) P301
      FLOOR-WRONG CITATION - plmb_wc_a: kept on this room's own row(s) A100
      reliability from THIS room's own rows (never the donor's) - elec_lights: donor HIGH -> FLAGGED (worst of ITM-0014 [HIGH], ITM-0022 [FLAGGED], ITM-0023 [HIGH], ITM-0024 [HIGH], ITM-0025 [FLAGGED])
      reliability from THIS room's own rows (never the donor's) - elec_outlets: donor HIGH -> MEDIUM (worst of ITM-0017 [HIGH], ITM-0019 [HIGH], ITM-0020 [HIGH], ITM-0021 [MEDIUM])
      reliability from THIS room's own rows (never the donor's) - elec_panel: donor HIGH -> HIGH (worst of ITM-0001 [HIGH], ITM-0002 [HIGH], ITM-0003 [HIGH], ITM-0004 [HIGH], ITM-0005 [HIGH], ITM-0006 [HIGH], ITM-0007 [HIGH], ITM-0008 [HIGH], ITM-0009 [HIGH], ITM-0010 [HIGH], ITM-0011 [HIGH], ITM-0012 [HIGH], ITM-0013 [HIGH])
      reliability from THIS room's own rows (never the donor's) - lv_phone_db: donor HIGH -> FLAGGED (worst of ITM-0028 [HIGH], ITM-0031 [FLAGGED])
      reliability from THIS room's own rows (never the donor's) - lv_tvdata: donor HIGH -> FLAGGED (worst of ITM-0027 [HIGH], ITM-0029 [HIGH], ITM-0030 [FLAGGED])
      reliability from THIS room's own rows (never the donor's) - mech_grille_bath: donor HIGH -> FLAGGED (worst of ITM-0062 [HIGH], ITM-0063 [HIGH], ITM-0064 [MEDIUM], ITM-0065 [FLAGGED], ITM-0066 [MEDIUM], ITM-0067 [HIGH], ITM-0068 [HIGH], ITM-0069 [MEDIUM], ITM-0070 [FLAGGED])
      reliability from THIS room's own rows (never the donor's) - mech_grille_rm: donor HIGH -> FLAGGED (worst of ITM-0053 [FLAGGED]; already moved to FLAGGED earlier in this build)
      reliability from THIS room's own rows (never the donor's) - mech_ptac: donor HIGH -> FLAGGED (worst of ITM-0395 [FLAGGED], ITM-0396 [FLAGGED], ITM-0048 [HIGH], ITM-0052 [HIGH], ITM-0054 [HIGH], ITM-0055 [HIGH], ITM-0056 [MEDIUM], ITM-0057 [HIGH], ITM-0058 [HIGH], ITM-0061 [MEDIUM]; already moved to FLAGGED earlier in this build)
      reliability from THIS room's own rows (never the donor's) - mech_tstat: donor HIGH -> FLAGGED (worst of ITM-0018 [HIGH], ITM-0059 [HIGH], ITM-0060 [HIGH]; already moved to FLAGGED earlier in this build)
      reliability from THIS room's own rows (never the donor's) - plmb_fd_a: donor HIGH -> MEDIUM (worst of ITM-0046 [MEDIUM])
      reliability from THIS room's own rows (never the donor's) - plmb_ksink_a: donor HIGH -> FLAGGED (worst of ITM-0051 [FLAGGED])
      reliability from THIS room's own rows (never the donor's) - plmb_lavfaucet_a: donor HIGH -> FLAGGED (worst of ITM-0043 [HIGH], ITM-0044 [HIGH], ITM-0045 [FLAGGED])
      reliability from THIS room's own rows (never the donor's) - plmb_trapguard_a: donor HIGH -> MEDIUM (worst of ITM-0047 [MEDIUM])
      reliability from THIS room's own rows (never the donor's) - plmb_wc_a: donor HIGH -> FLAGGED (worst of ITM-0039 [HIGH], ITM-0042 [FLAGGED])
      mark from THIS room's own rows - plmb_shencl_a: donor mark "kn 28 / kn 5" -> "kn 10 / kn 11" from this room's own bathing row(s)
      mark from THIS room's own rows - plmb_shower_a: donor mark "SH-1 / SH-4" -> "SH-1 / SH-3" from this room's own bathing row(s)
      placed by product identity: ITM-0395 -> mech_ptac (description is character-for-character donor row ITM-0443/ITM-0052/ITM-0054/ITM-0055/ITM-0056/ITM-0057/ITM-0058/ITM-0061/ITM-0048)
      placed by product identity: ITM-0396 -> mech_ptac (description is character-for-character donor row ITM-0443/ITM-0052/ITM-0054/ITM-0055/ITM-0056/ITM-0057/ITM-0058/ITM-0061/ITM-0048)
      quantity from THIS room's rows - mech_ptac: donor qty 1 -> 2 (this room has 2 row(s) of the identical product: ITM-0395 "PTAC 1 of 2", ITM-0396 "PTAC 2 of 2")
      14 row(s) no condensed line claims, each given its own line: <untagged> [Low Voltage] ITM-0384; (S)SB [Fire Alarm] ITM-0385; <untagged> [Electrical] ITM-0386; <untagged> [Electrical] ITM-0387; <untagged> [Electrical] ITM-0388; <untagged> [Electrical] ITM-0389; <untagged> [Electrical] ITM-0390; <untagged> [Electrical] ITM-0391; <untagged> [Electrical] ITM-0392; BT-1 [Plumbing] ITM-0721; <untagged> [Plumbing] ITM-0723; SH-1 / SH-3 [Plumbing] ITM-0724; kn 10 [Plumbing] ITM-0725; kn 11 [Plumbing] ITM-0726

  RULINGS
    APPLIED  D20 on GR-202: the ruling RESTATES the fold (sqlite already draws 2) and changes nothing - room type "King One Bedroom Acc." is a King-family key, which is the set D20 was ruled on
    DECLINED D12 on GR-322 - the ruling is about tag GR-322 in FF&E - Casegoods, and what this room draws in that category is GR-301, GR-303, GR-316, GR-317, GR-318, GR-319, GR-320, GR-323, GR-324, so the ruling has nothing here to act on
    APPLIED  ruled lines: dh_closer_a (D28), dh_lock_a (D28)
    DECLINED D29/bsq_a: out of scope for room 417 ("King One Bedroom Acc.", rooms.accessible 1); build_floor1.mjs scopes it the same way and this tool copies the predicate

  FLAGS CARRIED (nothing resolved)
    FF&E 12 non-HIGH line(s): 905_a [FLAGGED] 905, gr318_a [FLAGGED] GR-318, gr323_a [FLAGGED] GR-323, hd02_a [MEDIUM] HD-02, hd05_a [FLAGGED] HD-05, hd06_a [MEDIUM] HD-06, hd08_a [MEDIUM] HD-08, hd09_a [MEDIUM] HD-09, hd10_a [MEDIUM] HD-10, hd14_a [FLAGGED] HD-14, hd51_a [FLAGGED] HD-5.1, u_ef5592c066 [FLAGGED] <untagged>
    MEP  21 non-HIGH line(s): db_itm0721 [FLAGGED] BT-1, db_itm0723 [FLAGGED] <untagged>, db_itm0724 [FLAGGED] SH-1 / SH-3, db_itm0725 [FLAGGED] kn 10, db_itm0726 [FLAGGED] kn 11, elec_lights [FLAGGED] <untagged>, elec_outlets [MEDIUM] <untagged>, fp_heads_a [MEDIUM] <untagged>, lv_phone_db [FLAGGED] <untagged>, lv_tvdata [FLAGGED] <untagged>, mech_grille_bath [FLAGGED] EAG-50, mech_grille_rm [FLAGGED] <untagged>, mech_ptac [FLAGGED] <untagged>, mech_tstat [FLAGGED] T, plmb_fd_a [MEDIUM] FD, plmb_ksink_a [FLAGGED] SK-3 / SK-4, plmb_lavfaucet_a [FLAGGED] —, plmb_shencl_a [FLAGGED] kn 10 / kn 11, plmb_shower_a [FLAGGED] SH-1 / SH-3, plmb_trapguard_a [MEDIUM] TP, plmb_wc_a [FLAGGED] WC-3 / WC-4
    BATHING CONFIGURATION OPEN: 3 Configuration A (TUB) row(s) and 5 Configuration B (ROLL-IN SHOWER) row(s), ALL EMITTED, ALL FLAGGED, NEITHER SUPERSEDED - and only one
      of them gets built.
      Austin ruling D19 covered ROOM 118 ONLY and has NOT been extended.
      FF&E: hd05_a (Config A, HD-05), hd14_a (Config B, HD-14), hd51_a (Config B, HD-5.1)
      MEP : db_itm0721 (Config A, BT-1), db_itm0723 (Config A, <untagged>), db_itm0724 (Config B, SH-1 / SH-3), db_itm0725 (Config B, kn 10), db_itm0726 (Config B, kn 11), plmb_shencl_a (donor product text, marked UNRESOLVED), plmb_shower_a (donor product text, marked UNRESOLVED)
    fp_heads_a: donor qty 3 NOT copied; donor mark "FP" NOT copied; line ships with no quantity and no mark, reliability MEDIUM, carrying PH-GU-001 verbatim; 3 donor FP-series citation segment(s) removed (floor-1 sheet, floor-1 total, rooms 107/108 verification) and replaced with PH-GU-001's own sheet list plus this room's floor (4)
    mech_ptac: 2 unit row(s) ITM-0395, ITM-0396; mark NONE (unresolved, left blank); reliability FLAGGED; donor's own-row resolution removed; M401 detail 07 from this room's own row(s)
    PTAC SUB-ASSEMBLY REPEAT (open): 2 PTAC unit(s) ITM-0395, ITM-0396; the sub-assembly repeat is OPEN and carried on 2 line(s) - mech_grille_rm (ITM-0053), mech_tstat (ITM-0059, ITM-0060)

  CONFLICTS TABLE (data/project.sqlite conflicts, OPEN entries only)
    6 open entr(y/ies) touch this room: A11 [cited by own row(s) ITM-0721, ITM-0722, ITM-0723, ITM-0724, ITM-0725, ITM-0726, ITM-0727, ITM-0728, ITM-0729]; B3.1 [marks L-2, L-3, L-4, SH-1, SH-3, SK-3, SK-4]; B4.2 [marks 905]; B4.4 [cited by own row(s) ITM-0721, ITM-0722, ITM-0723, ITM-0724, ITM-0725, ITM-0726, ITM-0727, ITM-0728, ITM-0729]; B4.5 [marks GR-318, GR-323]; B5.6 [marks W4, W5]
    carried as a FLAG on 14 line(s): 905_a (905 <- B4.2[905]); gr318_a (GR-318 <- B4.5[GR-318]); gr323_a (GR-323 <- B4.5[GR-323]); hd05_a (HD-05 <- A11[cited by ITM-0722], B4.4[cited by ITM-0722]); hd14_a (HD-14 <- A11[cited by ITM-0727], B4.4[cited by ITM-0727]); hd51_a (HD-5.1 <- A11[cited by ITM-0728], B4.4[cited by ITM-0728]); db_itm0721 (BT-1 <- A11[cited by ITM-0721], B4.4[cited by ITM-0721]); db_itm0723 (ITM-0723 <- A11[cited by ITM-0723], B4.4[cited by ITM-0723]); db_itm0724 (SH-1 + SH-3 <- A11[cited by ITM-0724], B3.1[SH-1,SH-3], B4.4[cited by ITM-0724]); db_itm0725 (kn 10 <- A11[cited by ITM-0725], B4.4[cited by ITM-0725]); db_itm0726 (kn 11 <- A11[cited by ITM-0726], B4.4[cited by ITM-0726]); plmb_ksink_a (SK-3 + SK-4 <- B3.1[SK-3,SK-4]); plmb_lavfaucet_a (L-2 + L-3 + L-4 <- B3.1[L-2,L-3,L-4]); plmb_shower_a (SH-1 + SH-3 <- B3.1[SH-1,SH-3]); every one of them is also in room note n_conflicts
    MEP CATEGORIES THE APP DOES NOT KNOW - 1 line(s) sort last and say so on the line: db_itm0385 [Fire Alarm] ITM-0385. The category string is carried verbatim; widening the app's band list is Austin's call
    room notes seeded: n_config, n_conflicts, n_dbroom, n_gaps, n_gategaps, n_ptac2, n_rulings, n_type

----------------------------------------------------------------------------------------------------
ROOM 418  King Studio  (57 key(s) of this type: 104, 106, 108, 110, 112, 114, 204, 206, 208, 210, 212, 214, 216, 218, 222, 223, 224, 225, 226, 227, 229, 231, 233, 304, 306, 308, 310, 312, 314, 316, 318, 322, 323, 324, 325, 326, 327, 329, 331, 333, 404, 406, 408, 410, 412, 414, 416, 418, 422, 423, 424, 425, 426, 427, 429, 431, 433)
  doc type king-studio / "King Studio"   sheets: plan A103; room sheet A550; bath A530
  FF&E : 43 lines   [151 raw rows -> 43 gated -> 41 after 2 folds, + 2 ruled FF&E line(s)]
  MEP  : 23 lines   [77 MEP rows; 9 rough-in left off the punch; 0 deleted history row(s) in 104-MEP not copied]
  gate : 31 row(s) dropped by Austin's approved category gate (Paint / Drywall / Flooring / Doors / Stone-Surround / Wall Covering / FF&E-Misc), same as every approved floor-1 room

  DONOR USAGE - LIVE room 104 (King Studio)
    41 shared tag(s) took the donor's curated text: 901, 902, 903, 904, 905, <untagged>, GR-100, GR-101, GR-103, GR-200, GR-201, GR-202, GR-203, GR-204, GR-205, GR-301, GR-302, GR-304, GR-318, GR-319, GR-320, GR-321, GR-323, GR-400, GR-402, GR-402.1, GR-403, GR-500, GR-501, GR-502, GR-601, GR-601.1, GR-603, HD-03, HD-08, HD-12, HD-16, HD-18, HD-21, HD-22, kn 11
    0 tag(s) have NO live counterpart and ship from sqlite VERBATIM: none
    2 donor tag(s) not applicable to this type: DH-1, DH-2
    label: <untagged>: donor label extends sqlite ("Garbage disposer - Moen MGXP33C") - donor text carried
    THE DONOR MAY ENRICH, NEVER LAUNDER:
      reliability KEPT from this room's own sqlite row over the donor's on 0 line(s)
      reliability RAISED on a ruling that closes the flag for the product on 2 line(s): 902_a (902): FLAGGED -> HIGH on the ruling closure carried in the donor text; u_ce20ab6281 (<untagged>): FLAGGED -> HIGH on the ruling closure carried in the donor text
      donor text DROPPED as a reading of the donor's own drawing on 0 line(s) (quoted on the line as not carried)
    MEP text donated from 104-MEP, written for sheet A550, re-cited onto A550 - SAME SHEET, so every citation stands verbatim and no number is re-judged. The ONE exception is the
      '.1' CONNECTING plan variant, which room_types identifies as the connecting plan and which is
      dropped wherever rooms.connecting = 0 - a shared sheet is not a shared connecting plan.
      8 donor line(s) carried the DONOR's own re-point note (a fact about room 104, not this room); removed and replaced with this room's own: elec_outlets, elec_panel, elec_sink_sw, fp_smoke_a, lv_tvdata, lv_wap, mech_tstat, plmb_shower_a
      1 condensed line(s) have no row of their own in this room (carried on the donor citation): plmb_hotcold_a
      FLOOR-WRONG CITATION - fp_heads_a: 1 dropped (A121); trimmed from the cited list A120
      FLOOR-WRONG CITATION - mech_ptac: kept on this room's own row(s) M301
      FLOOR-WRONG CITATION - mech_tstat: kept on this room's own row(s) M301
      FLOOR-WRONG CITATION - plmb_fd_a: kept on this room's own row(s) P301
      FLOOR-WRONG CITATION - plmb_hotcold_a: kept on this room's own row(s) P305
      FLOOR-WRONG CITATION - plmb_trapguard_a: kept on this room's own row(s) P301
      FLOOR-WRONG CITATION - plmb_wc_a: kept (building-wide table) A100
      reliability from THIS room's own rows (never the donor's) - elec_lights: donor HIGH -> FLAGGED (worst of ITM-0014 [HIGH], ITM-0022 [FLAGGED], ITM-0023 [HIGH], ITM-0024 [HIGH], ITM-0025 [FLAGGED])
      reliability from THIS room's own rows (never the donor's) - elec_outlets: donor HIGH -> MEDIUM (worst of ITM-0017 [HIGH], ITM-0019 [HIGH], ITM-0020 [HIGH], ITM-0021 [MEDIUM])
      reliability from THIS room's own rows (never the donor's) - elec_panel: donor HIGH -> HIGH (worst of ITM-0001 [HIGH], ITM-0002 [HIGH], ITM-0003 [HIGH], ITM-0004 [HIGH], ITM-0005 [HIGH], ITM-0006 [HIGH], ITM-0007 [HIGH], ITM-0008 [HIGH], ITM-0009 [HIGH], ITM-0010 [HIGH], ITM-0011 [HIGH], ITM-0012 [HIGH], ITM-0013 [HIGH])
      reliability from THIS room's own rows (never the donor's) - lv_phone_db: donor HIGH -> FLAGGED (worst of ITM-0028 [HIGH], ITM-0031 [FLAGGED])
      reliability from THIS room's own rows (never the donor's) - lv_tvdata: donor HIGH -> FLAGGED (worst of ITM-0027 [HIGH], ITM-0029 [HIGH], ITM-0030 [FLAGGED])
      reliability from THIS room's own rows (never the donor's) - mech_grille_bath: donor HIGH -> FLAGGED (worst of ITM-0062 [HIGH], ITM-0063 [HIGH], ITM-0064 [MEDIUM], ITM-0065 [FLAGGED], ITM-0066 [MEDIUM], ITM-0067 [HIGH], ITM-0068 [HIGH], ITM-0069 [MEDIUM], ITM-0070 [FLAGGED])
      reliability from THIS room's own rows (never the donor's) - mech_grille_rm: donor HIGH -> FLAGGED (worst of ITM-0053 [FLAGGED])
      reliability from THIS room's own rows (never the donor's) - mech_ptac: donor HIGH -> MEDIUM (worst of ITM-0152 [MEDIUM], ITM-0048 [HIGH], ITM-0052 [HIGH], ITM-0054 [HIGH], ITM-0055 [HIGH], ITM-0056 [MEDIUM], ITM-0057 [HIGH], ITM-0058 [HIGH], ITM-0061 [MEDIUM])
      reliability from THIS room's own rows (never the donor's) - mech_tstat: donor HIGH -> HIGH (worst of ITM-0018 [HIGH], ITM-0059 [HIGH], ITM-0060 [HIGH])
      reliability from THIS room's own rows (never the donor's) - plmb_fd_a: donor HIGH -> MEDIUM (worst of ITM-0046 [MEDIUM])
      reliability from THIS room's own rows (never the donor's) - plmb_ksink_a: donor HIGH -> FLAGGED (worst of ITM-0051 [FLAGGED])
      reliability from THIS room's own rows (never the donor's) - plmb_lavfaucet_a: donor HIGH -> FLAGGED (worst of ITM-0043 [HIGH], ITM-0044 [HIGH], ITM-0045 [FLAGGED])
      reliability from THIS room's own rows (never the donor's) - plmb_shower_a: donor HIGH -> HIGH (worst of ITM-0150 [HIGH])
      reliability from THIS room's own rows (never the donor's) - plmb_trapguard_a: donor HIGH -> MEDIUM (worst of ITM-0047 [MEDIUM])
      reliability from THIS room's own rows (never the donor's) - plmb_wc_a: donor HIGH -> FLAGGED (worst of ITM-0039 [HIGH], ITM-0042 [FLAGGED])
      placed by product identity: ITM-0150 -> plmb_shower_a (floor-1 variant slot, MEP_VARIANT_SLOTS - the placement build_floor1 used)
      placed by product identity: ITM-0151 -> plmb_shencl_a (floor-1 variant slot, MEP_VARIANT_SLOTS - the placement build_floor1 used)
      placed by product identity: ITM-0152 -> mech_ptac (floor-1 variant slot, MEP_VARIANT_SLOTS - the placement build_floor1 used)
      placed by product identity: ITM-0156 -> fp_heads_a (floor-1 variant slot, MEP_VARIANT_SLOTS - the placement build_floor1 used)
      placed by product identity: ITM-0157 -> fp_heads_a (floor-1 variant slot, MEP_VARIANT_SLOTS - the placement build_floor1 used)
      placed by product identity: ITM-0158 -> fp_heads_a (floor-1 variant slot, MEP_VARIANT_SLOTS - the placement build_floor1 used)

  RULINGS
    APPLIED  D20 on GR-202: the ruling RESTATES the fold (sqlite already draws 2) and changes nothing - room type "King Studio" is a King-family key, which is the set D20 was ruled on
    DECLINED D12 on GR-322 - the ruling is about tag GR-322 in FF&E - Casegoods, and what this room draws in that category is GR-301, GR-302, GR-304, GR-318, GR-319, GR-320, GR-321, GR-323, so the ruling has nothing here to act on
    APPLIED  ruled lines: dh_closer_a (D28), dh_lock_a (D28)
    DECLINED D29/bsq_a: out of scope for room 418 ("King Studio", rooms.accessible 0); build_floor1.mjs scopes it the same way and this tool copies the predicate

  FLAGS CARRIED (nothing resolved)
    FF&E 5 non-HIGH line(s): 905_a [FLAGGED] 905, gr318_a [FLAGGED] GR-318, gr323_a [FLAGGED] GR-323, hd03_a [MEDIUM] HD-03, hd08_a [MEDIUM] HD-08
    MEP  13 non-HIGH line(s): elec_lights [FLAGGED] <untagged>, elec_outlets [MEDIUM] <untagged>, lv_phone_db [FLAGGED] <untagged>, lv_tvdata [FLAGGED] <untagged>, mech_grille_bath [FLAGGED] EAG-50, mech_grille_rm [FLAGGED] <untagged>, mech_ptac [MEDIUM] PTAC-1, plmb_fd_a [MEDIUM] FD, plmb_ksink_a [FLAGGED] SK-3 / SK-4, plmb_lavfaucet_a [FLAGGED] —, plmb_shower_a [FLAGGED] SH-1 / SH-4, plmb_trapguard_a [MEDIUM] TP, plmb_wc_a [FLAGGED] WC-3 / WC-4
    fp_heads_a: 3 room-specific sprinkler head row(s) carried (ITM-0156, ITM-0157, ITM-0158); donor floor-1 head total removed; reliability HIGH
    mech_ptac: 1 unit row(s) ITM-0152; mark "PTAC-1"; reliability HIGH; donor's own-row resolution removed

  CONFLICTS TABLE (data/project.sqlite conflicts, OPEN entries only)
    5 open entr(y/ies) touch this room: A11 [cited by own row(s) ITM-0101]; B3.1 [marks L-2, L-3, L-4, SH-1, SH-4, SK-3, SK-4]; B4.2 [marks 905]; B4.5 [marks GR-318, GR-323]; B5.6 [marks W4, W5]
    carried as a FLAG on 6 line(s): 905_a (905 <- B4.2[905]); gr318_a (GR-318 <- B4.5[GR-318]); gr323_a (GR-323 <- B4.5[GR-323]); plmb_ksink_a (SK-3 + SK-4 <- B3.1[SK-3,SK-4]); plmb_lavfaucet_a (L-2 + L-3 + L-4 <- B3.1[L-2,L-3,L-4]); plmb_shower_a (SH-1 + SH-4 <- B3.1[SH-1,SH-4]); every one of them is also in room note n_conflicts
    room notes seeded: n_conflicts, n_dbroom, n_gaps, n_gategaps, n_rulings, n_type, n_typearea

----------------------------------------------------------------------------------------------------
ROOM 422  King Studio  (57 key(s) of this type: 104, 106, 108, 110, 112, 114, 204, 206, 208, 210, 212, 214, 216, 218, 222, 223, 224, 225, 226, 227, 229, 231, 233, 304, 306, 308, 310, 312, 314, 316, 318, 322, 323, 324, 325, 326, 327, 329, 331, 333, 404, 406, 408, 410, 412, 414, 416, 418, 422, 423, 424, 425, 426, 427, 429, 431, 433)
  doc type king-studio / "King Studio"   sheets: plan A103; room sheet A550; bath A530
  FF&E : 43 lines   [151 raw rows -> 43 gated -> 41 after 2 folds, + 2 ruled FF&E line(s)]
  MEP  : 23 lines   [77 MEP rows; 9 rough-in left off the punch; 0 deleted history row(s) in 104-MEP not copied]
  gate : 31 row(s) dropped by Austin's approved category gate (Paint / Drywall / Flooring / Doors / Stone-Surround / Wall Covering / FF&E-Misc), same as every approved floor-1 room

  DONOR USAGE - LIVE room 104 (King Studio)
    41 shared tag(s) took the donor's curated text: 901, 902, 903, 904, 905, <untagged>, GR-100, GR-101, GR-103, GR-200, GR-201, GR-202, GR-203, GR-204, GR-205, GR-301, GR-302, GR-304, GR-318, GR-319, GR-320, GR-321, GR-323, GR-400, GR-402, GR-402.1, GR-403, GR-500, GR-501, GR-502, GR-601, GR-601.1, GR-603, HD-03, HD-08, HD-12, HD-16, HD-18, HD-21, HD-22, kn 11
    0 tag(s) have NO live counterpart and ship from sqlite VERBATIM: none
    2 donor tag(s) not applicable to this type: DH-1, DH-2
    label: <untagged>: donor label extends sqlite ("Garbage disposer - Moen MGXP33C") - donor text carried
    THE DONOR MAY ENRICH, NEVER LAUNDER:
      reliability KEPT from this room's own sqlite row over the donor's on 0 line(s)
      reliability RAISED on a ruling that closes the flag for the product on 2 line(s): 902_a (902): FLAGGED -> HIGH on the ruling closure carried in the donor text; u_ce20ab6281 (<untagged>): FLAGGED -> HIGH on the ruling closure carried in the donor text
      donor text DROPPED as a reading of the donor's own drawing on 0 line(s) (quoted on the line as not carried)
    MEP text donated from 104-MEP, written for sheet A550, re-cited onto A550 - SAME SHEET, so every citation stands verbatim and no number is re-judged. The ONE exception is the
      '.1' CONNECTING plan variant, which room_types identifies as the connecting plan and which is
      dropped wherever rooms.connecting = 0 - a shared sheet is not a shared connecting plan.
      8 donor line(s) carried the DONOR's own re-point note (a fact about room 104, not this room); removed and replaced with this room's own: elec_outlets, elec_panel, elec_sink_sw, fp_smoke_a, lv_tvdata, lv_wap, mech_tstat, plmb_shower_a
      1 condensed line(s) have no row of their own in this room (carried on the donor citation): plmb_hotcold_a
      FLOOR-WRONG CITATION - fp_heads_a: 1 dropped (A121); trimmed from the cited list A120
      FLOOR-WRONG CITATION - mech_ptac: kept on this room's own row(s) M301
      FLOOR-WRONG CITATION - mech_tstat: kept on this room's own row(s) M301
      FLOOR-WRONG CITATION - plmb_fd_a: kept on this room's own row(s) P301
      FLOOR-WRONG CITATION - plmb_hotcold_a: kept on this room's own row(s) P305
      FLOOR-WRONG CITATION - plmb_trapguard_a: kept on this room's own row(s) P301
      FLOOR-WRONG CITATION - plmb_wc_a: kept (building-wide table) A100
      reliability from THIS room's own rows (never the donor's) - elec_lights: donor HIGH -> FLAGGED (worst of ITM-0014 [HIGH], ITM-0022 [FLAGGED], ITM-0023 [HIGH], ITM-0024 [HIGH], ITM-0025 [FLAGGED])
      reliability from THIS room's own rows (never the donor's) - elec_outlets: donor HIGH -> MEDIUM (worst of ITM-0017 [HIGH], ITM-0019 [HIGH], ITM-0020 [HIGH], ITM-0021 [MEDIUM])
      reliability from THIS room's own rows (never the donor's) - elec_panel: donor HIGH -> HIGH (worst of ITM-0001 [HIGH], ITM-0002 [HIGH], ITM-0003 [HIGH], ITM-0004 [HIGH], ITM-0005 [HIGH], ITM-0006 [HIGH], ITM-0007 [HIGH], ITM-0008 [HIGH], ITM-0009 [HIGH], ITM-0010 [HIGH], ITM-0011 [HIGH], ITM-0012 [HIGH], ITM-0013 [HIGH])
      reliability from THIS room's own rows (never the donor's) - lv_phone_db: donor HIGH -> FLAGGED (worst of ITM-0028 [HIGH], ITM-0031 [FLAGGED])
      reliability from THIS room's own rows (never the donor's) - lv_tvdata: donor HIGH -> FLAGGED (worst of ITM-0027 [HIGH], ITM-0029 [HIGH], ITM-0030 [FLAGGED])
      reliability from THIS room's own rows (never the donor's) - mech_grille_bath: donor HIGH -> FLAGGED (worst of ITM-0062 [HIGH], ITM-0063 [HIGH], ITM-0064 [MEDIUM], ITM-0065 [FLAGGED], ITM-0066 [MEDIUM], ITM-0067 [HIGH], ITM-0068 [HIGH], ITM-0069 [MEDIUM], ITM-0070 [FLAGGED])
      reliability from THIS room's own rows (never the donor's) - mech_grille_rm: donor HIGH -> FLAGGED (worst of ITM-0053 [FLAGGED])
      reliability from THIS room's own rows (never the donor's) - mech_ptac: donor HIGH -> MEDIUM (worst of ITM-0152 [MEDIUM], ITM-0048 [HIGH], ITM-0052 [HIGH], ITM-0054 [HIGH], ITM-0055 [HIGH], ITM-0056 [MEDIUM], ITM-0057 [HIGH], ITM-0058 [HIGH], ITM-0061 [MEDIUM])
      reliability from THIS room's own rows (never the donor's) - mech_tstat: donor HIGH -> HIGH (worst of ITM-0018 [HIGH], ITM-0059 [HIGH], ITM-0060 [HIGH])
      reliability from THIS room's own rows (never the donor's) - plmb_fd_a: donor HIGH -> MEDIUM (worst of ITM-0046 [MEDIUM])
      reliability from THIS room's own rows (never the donor's) - plmb_ksink_a: donor HIGH -> FLAGGED (worst of ITM-0051 [FLAGGED])
      reliability from THIS room's own rows (never the donor's) - plmb_lavfaucet_a: donor HIGH -> FLAGGED (worst of ITM-0043 [HIGH], ITM-0044 [HIGH], ITM-0045 [FLAGGED])
      reliability from THIS room's own rows (never the donor's) - plmb_shower_a: donor HIGH -> HIGH (worst of ITM-0150 [HIGH])
      reliability from THIS room's own rows (never the donor's) - plmb_trapguard_a: donor HIGH -> MEDIUM (worst of ITM-0047 [MEDIUM])
      reliability from THIS room's own rows (never the donor's) - plmb_wc_a: donor HIGH -> FLAGGED (worst of ITM-0039 [HIGH], ITM-0042 [FLAGGED])
      placed by product identity: ITM-0150 -> plmb_shower_a (floor-1 variant slot, MEP_VARIANT_SLOTS - the placement build_floor1 used)
      placed by product identity: ITM-0151 -> plmb_shencl_a (floor-1 variant slot, MEP_VARIANT_SLOTS - the placement build_floor1 used)
      placed by product identity: ITM-0152 -> mech_ptac (floor-1 variant slot, MEP_VARIANT_SLOTS - the placement build_floor1 used)
      placed by product identity: ITM-0156 -> fp_heads_a (floor-1 variant slot, MEP_VARIANT_SLOTS - the placement build_floor1 used)
      placed by product identity: ITM-0157 -> fp_heads_a (floor-1 variant slot, MEP_VARIANT_SLOTS - the placement build_floor1 used)
      placed by product identity: ITM-0158 -> fp_heads_a (floor-1 variant slot, MEP_VARIANT_SLOTS - the placement build_floor1 used)

  RULINGS
    APPLIED  D20 on GR-202: the ruling RESTATES the fold (sqlite already draws 2) and changes nothing - room type "King Studio" is a King-family key, which is the set D20 was ruled on
    DECLINED D12 on GR-322 - the ruling is about tag GR-322 in FF&E - Casegoods, and what this room draws in that category is GR-301, GR-302, GR-304, GR-318, GR-319, GR-320, GR-321, GR-323, so the ruling has nothing here to act on
    APPLIED  ruled lines: dh_closer_a (D28), dh_lock_a (D28)
    DECLINED D29/bsq_a: out of scope for room 422 ("King Studio", rooms.accessible 0); build_floor1.mjs scopes it the same way and this tool copies the predicate

  FLAGS CARRIED (nothing resolved)
    FF&E 5 non-HIGH line(s): 905_a [FLAGGED] 905, gr318_a [FLAGGED] GR-318, gr323_a [FLAGGED] GR-323, hd03_a [MEDIUM] HD-03, hd08_a [MEDIUM] HD-08
    MEP  13 non-HIGH line(s): elec_lights [FLAGGED] <untagged>, elec_outlets [MEDIUM] <untagged>, lv_phone_db [FLAGGED] <untagged>, lv_tvdata [FLAGGED] <untagged>, mech_grille_bath [FLAGGED] EAG-50, mech_grille_rm [FLAGGED] <untagged>, mech_ptac [MEDIUM] PTAC-1, plmb_fd_a [MEDIUM] FD, plmb_ksink_a [FLAGGED] SK-3 / SK-4, plmb_lavfaucet_a [FLAGGED] —, plmb_shower_a [FLAGGED] SH-1 / SH-4, plmb_trapguard_a [MEDIUM] TP, plmb_wc_a [FLAGGED] WC-3 / WC-4
    fp_heads_a: 3 room-specific sprinkler head row(s) carried (ITM-0156, ITM-0157, ITM-0158); donor floor-1 head total removed; reliability HIGH
    mech_ptac: 1 unit row(s) ITM-0152; mark "PTAC-1"; reliability HIGH; donor's own-row resolution removed

  CONFLICTS TABLE (data/project.sqlite conflicts, OPEN entries only)
    5 open entr(y/ies) touch this room: A11 [cited by own row(s) ITM-0101]; B3.1 [marks L-2, L-3, L-4, SH-1, SH-4, SK-3, SK-4]; B4.2 [marks 905]; B4.5 [marks GR-318, GR-323]; B5.6 [marks W4, W5]
    carried as a FLAG on 6 line(s): 905_a (905 <- B4.2[905]); gr318_a (GR-318 <- B4.5[GR-318]); gr323_a (GR-323 <- B4.5[GR-323]); plmb_ksink_a (SK-3 + SK-4 <- B3.1[SK-3,SK-4]); plmb_lavfaucet_a (L-2 + L-3 + L-4 <- B3.1[L-2,L-3,L-4]); plmb_shower_a (SH-1 + SH-4 <- B3.1[SH-1,SH-4]); every one of them is also in room note n_conflicts
    room notes seeded: n_conflicts, n_dbroom, n_gaps, n_gategaps, n_rulings, n_type, n_typearea

----------------------------------------------------------------------------------------------------
ROOM 423  King Studio  (57 key(s) of this type: 104, 106, 108, 110, 112, 114, 204, 206, 208, 210, 212, 214, 216, 218, 222, 223, 224, 225, 226, 227, 229, 231, 233, 304, 306, 308, 310, 312, 314, 316, 318, 322, 323, 324, 325, 326, 327, 329, 331, 333, 404, 406, 408, 410, 412, 414, 416, 418, 422, 423, 424, 425, 426, 427, 429, 431, 433)
  doc type king-studio / "King Studio"   sheets: plan A103; room sheet A550; bath A530
  FF&E : 43 lines   [151 raw rows -> 43 gated -> 41 after 2 folds, + 2 ruled FF&E line(s)]
  MEP  : 23 lines   [77 MEP rows; 9 rough-in left off the punch; 0 deleted history row(s) in 104-MEP not copied]
  gate : 31 row(s) dropped by Austin's approved category gate (Paint / Drywall / Flooring / Doors / Stone-Surround / Wall Covering / FF&E-Misc), same as every approved floor-1 room

  DONOR USAGE - LIVE room 104 (King Studio)
    41 shared tag(s) took the donor's curated text: 901, 902, 903, 904, 905, <untagged>, GR-100, GR-101, GR-103, GR-200, GR-201, GR-202, GR-203, GR-204, GR-205, GR-301, GR-302, GR-304, GR-318, GR-319, GR-320, GR-321, GR-323, GR-400, GR-402, GR-402.1, GR-403, GR-500, GR-501, GR-502, GR-601, GR-601.1, GR-603, HD-03, HD-08, HD-12, HD-16, HD-18, HD-21, HD-22, kn 11
    0 tag(s) have NO live counterpart and ship from sqlite VERBATIM: none
    2 donor tag(s) not applicable to this type: DH-1, DH-2
    label: <untagged>: donor label extends sqlite ("Garbage disposer - Moen MGXP33C") - donor text carried
    THE DONOR MAY ENRICH, NEVER LAUNDER:
      reliability KEPT from this room's own sqlite row over the donor's on 0 line(s)
      reliability RAISED on a ruling that closes the flag for the product on 2 line(s): 902_a (902): FLAGGED -> HIGH on the ruling closure carried in the donor text; u_ce20ab6281 (<untagged>): FLAGGED -> HIGH on the ruling closure carried in the donor text
      donor text DROPPED as a reading of the donor's own drawing on 0 line(s) (quoted on the line as not carried)
    MEP text donated from 104-MEP, written for sheet A550, re-cited onto A550 - SAME SHEET, so every citation stands verbatim and no number is re-judged. The ONE exception is the
      '.1' CONNECTING plan variant, which room_types identifies as the connecting plan and which is
      dropped wherever rooms.connecting = 0 - a shared sheet is not a shared connecting plan.
      8 donor line(s) carried the DONOR's own re-point note (a fact about room 104, not this room); removed and replaced with this room's own: elec_outlets, elec_panel, elec_sink_sw, fp_smoke_a, lv_tvdata, lv_wap, mech_tstat, plmb_shower_a
      1 condensed line(s) have no row of their own in this room (carried on the donor citation): plmb_hotcold_a
      FLOOR-WRONG CITATION - fp_heads_a: 1 dropped (A121); trimmed from the cited list A120
      FLOOR-WRONG CITATION - mech_ptac: kept on this room's own row(s) M301
      FLOOR-WRONG CITATION - mech_tstat: kept on this room's own row(s) M301
      FLOOR-WRONG CITATION - plmb_fd_a: kept on this room's own row(s) P301
      FLOOR-WRONG CITATION - plmb_hotcold_a: kept on this room's own row(s) P305
      FLOOR-WRONG CITATION - plmb_trapguard_a: kept on this room's own row(s) P301
      FLOOR-WRONG CITATION - plmb_wc_a: kept (building-wide table) A100
      reliability from THIS room's own rows (never the donor's) - elec_lights: donor HIGH -> FLAGGED (worst of ITM-0014 [HIGH], ITM-0022 [FLAGGED], ITM-0023 [HIGH], ITM-0024 [HIGH], ITM-0025 [FLAGGED])
      reliability from THIS room's own rows (never the donor's) - elec_outlets: donor HIGH -> MEDIUM (worst of ITM-0017 [HIGH], ITM-0019 [HIGH], ITM-0020 [HIGH], ITM-0021 [MEDIUM])
      reliability from THIS room's own rows (never the donor's) - elec_panel: donor HIGH -> HIGH (worst of ITM-0001 [HIGH], ITM-0002 [HIGH], ITM-0003 [HIGH], ITM-0004 [HIGH], ITM-0005 [HIGH], ITM-0006 [HIGH], ITM-0007 [HIGH], ITM-0008 [HIGH], ITM-0009 [HIGH], ITM-0010 [HIGH], ITM-0011 [HIGH], ITM-0012 [HIGH], ITM-0013 [HIGH])
      reliability from THIS room's own rows (never the donor's) - lv_phone_db: donor HIGH -> FLAGGED (worst of ITM-0028 [HIGH], ITM-0031 [FLAGGED])
      reliability from THIS room's own rows (never the donor's) - lv_tvdata: donor HIGH -> FLAGGED (worst of ITM-0027 [HIGH], ITM-0029 [HIGH], ITM-0030 [FLAGGED])
      reliability from THIS room's own rows (never the donor's) - mech_grille_bath: donor HIGH -> FLAGGED (worst of ITM-0062 [HIGH], ITM-0063 [HIGH], ITM-0064 [MEDIUM], ITM-0065 [FLAGGED], ITM-0066 [MEDIUM], ITM-0067 [HIGH], ITM-0068 [HIGH], ITM-0069 [MEDIUM], ITM-0070 [FLAGGED])
      reliability from THIS room's own rows (never the donor's) - mech_grille_rm: donor HIGH -> FLAGGED (worst of ITM-0053 [FLAGGED])
      reliability from THIS room's own rows (never the donor's) - mech_ptac: donor HIGH -> MEDIUM (worst of ITM-0152 [MEDIUM], ITM-0048 [HIGH], ITM-0052 [HIGH], ITM-0054 [HIGH], ITM-0055 [HIGH], ITM-0056 [MEDIUM], ITM-0057 [HIGH], ITM-0058 [HIGH], ITM-0061 [MEDIUM])
      reliability from THIS room's own rows (never the donor's) - mech_tstat: donor HIGH -> HIGH (worst of ITM-0018 [HIGH], ITM-0059 [HIGH], ITM-0060 [HIGH])
      reliability from THIS room's own rows (never the donor's) - plmb_fd_a: donor HIGH -> MEDIUM (worst of ITM-0046 [MEDIUM])
      reliability from THIS room's own rows (never the donor's) - plmb_ksink_a: donor HIGH -> FLAGGED (worst of ITM-0051 [FLAGGED])
      reliability from THIS room's own rows (never the donor's) - plmb_lavfaucet_a: donor HIGH -> FLAGGED (worst of ITM-0043 [HIGH], ITM-0044 [HIGH], ITM-0045 [FLAGGED])
      reliability from THIS room's own rows (never the donor's) - plmb_shower_a: donor HIGH -> HIGH (worst of ITM-0150 [HIGH])
      reliability from THIS room's own rows (never the donor's) - plmb_trapguard_a: donor HIGH -> MEDIUM (worst of ITM-0047 [MEDIUM])
      reliability from THIS room's own rows (never the donor's) - plmb_wc_a: donor HIGH -> FLAGGED (worst of ITM-0039 [HIGH], ITM-0042 [FLAGGED])
      placed by product identity: ITM-0150 -> plmb_shower_a (floor-1 variant slot, MEP_VARIANT_SLOTS - the placement build_floor1 used)
      placed by product identity: ITM-0151 -> plmb_shencl_a (floor-1 variant slot, MEP_VARIANT_SLOTS - the placement build_floor1 used)
      placed by product identity: ITM-0152 -> mech_ptac (floor-1 variant slot, MEP_VARIANT_SLOTS - the placement build_floor1 used)
      placed by product identity: ITM-0156 -> fp_heads_a (floor-1 variant slot, MEP_VARIANT_SLOTS - the placement build_floor1 used)
      placed by product identity: ITM-0157 -> fp_heads_a (floor-1 variant slot, MEP_VARIANT_SLOTS - the placement build_floor1 used)
      placed by product identity: ITM-0158 -> fp_heads_a (floor-1 variant slot, MEP_VARIANT_SLOTS - the placement build_floor1 used)

  RULINGS
    APPLIED  D20 on GR-202: the ruling RESTATES the fold (sqlite already draws 2) and changes nothing - room type "King Studio" is a King-family key, which is the set D20 was ruled on
    DECLINED D12 on GR-322 - the ruling is about tag GR-322 in FF&E - Casegoods, and what this room draws in that category is GR-301, GR-302, GR-304, GR-318, GR-319, GR-320, GR-321, GR-323, so the ruling has nothing here to act on
    APPLIED  ruled lines: dh_closer_a (D28), dh_lock_a (D28)
    DECLINED D29/bsq_a: out of scope for room 423 ("King Studio", rooms.accessible 0); build_floor1.mjs scopes it the same way and this tool copies the predicate

  FLAGS CARRIED (nothing resolved)
    FF&E 5 non-HIGH line(s): 905_a [FLAGGED] 905, gr318_a [FLAGGED] GR-318, gr323_a [FLAGGED] GR-323, hd03_a [MEDIUM] HD-03, hd08_a [MEDIUM] HD-08
    MEP  13 non-HIGH line(s): elec_lights [FLAGGED] <untagged>, elec_outlets [MEDIUM] <untagged>, lv_phone_db [FLAGGED] <untagged>, lv_tvdata [FLAGGED] <untagged>, mech_grille_bath [FLAGGED] EAG-50, mech_grille_rm [FLAGGED] <untagged>, mech_ptac [MEDIUM] PTAC-1, plmb_fd_a [MEDIUM] FD, plmb_ksink_a [FLAGGED] SK-3 / SK-4, plmb_lavfaucet_a [FLAGGED] —, plmb_shower_a [FLAGGED] SH-1 / SH-4, plmb_trapguard_a [MEDIUM] TP, plmb_wc_a [FLAGGED] WC-3 / WC-4
    fp_heads_a: 3 room-specific sprinkler head row(s) carried (ITM-0156, ITM-0157, ITM-0158); donor floor-1 head total removed; reliability HIGH
    mech_ptac: 1 unit row(s) ITM-0152; mark "PTAC-1"; reliability HIGH; donor's own-row resolution removed

  CONFLICTS TABLE (data/project.sqlite conflicts, OPEN entries only)
    5 open entr(y/ies) touch this room: A11 [cited by own row(s) ITM-0101]; B3.1 [marks L-2, L-3, L-4, SH-1, SH-4, SK-3, SK-4]; B4.2 [marks 905]; B4.5 [marks GR-318, GR-323]; B5.6 [marks W4, W5]
    carried as a FLAG on 6 line(s): 905_a (905 <- B4.2[905]); gr318_a (GR-318 <- B4.5[GR-318]); gr323_a (GR-323 <- B4.5[GR-323]); plmb_ksink_a (SK-3 + SK-4 <- B3.1[SK-3,SK-4]); plmb_lavfaucet_a (L-2 + L-3 + L-4 <- B3.1[L-2,L-3,L-4]); plmb_shower_a (SH-1 + SH-4 <- B3.1[SH-1,SH-4]); every one of them is also in room note n_conflicts
    room notes seeded: n_conflicts, n_dbroom, n_gaps, n_gategaps, n_rulings, n_type, n_typearea

----------------------------------------------------------------------------------------------------
ROOM 424  King Studio  (57 key(s) of this type: 104, 106, 108, 110, 112, 114, 204, 206, 208, 210, 212, 214, 216, 218, 222, 223, 224, 225, 226, 227, 229, 231, 233, 304, 306, 308, 310, 312, 314, 316, 318, 322, 323, 324, 325, 326, 327, 329, 331, 333, 404, 406, 408, 410, 412, 414, 416, 418, 422, 423, 424, 425, 426, 427, 429, 431, 433)
  doc type king-studio / "King Studio"   sheets: plan A103; room sheet A550; bath A530
  FF&E : 43 lines   [151 raw rows -> 43 gated -> 41 after 2 folds, + 2 ruled FF&E line(s)]
  MEP  : 23 lines   [77 MEP rows; 9 rough-in left off the punch; 0 deleted history row(s) in 104-MEP not copied]
  gate : 31 row(s) dropped by Austin's approved category gate (Paint / Drywall / Flooring / Doors / Stone-Surround / Wall Covering / FF&E-Misc), same as every approved floor-1 room

  DONOR USAGE - LIVE room 104 (King Studio)
    41 shared tag(s) took the donor's curated text: 901, 902, 903, 904, 905, <untagged>, GR-100, GR-101, GR-103, GR-200, GR-201, GR-202, GR-203, GR-204, GR-205, GR-301, GR-302, GR-304, GR-318, GR-319, GR-320, GR-321, GR-323, GR-400, GR-402, GR-402.1, GR-403, GR-500, GR-501, GR-502, GR-601, GR-601.1, GR-603, HD-03, HD-08, HD-12, HD-16, HD-18, HD-21, HD-22, kn 11
    0 tag(s) have NO live counterpart and ship from sqlite VERBATIM: none
    2 donor tag(s) not applicable to this type: DH-1, DH-2
    label: <untagged>: donor label extends sqlite ("Garbage disposer - Moen MGXP33C") - donor text carried
    THE DONOR MAY ENRICH, NEVER LAUNDER:
      reliability KEPT from this room's own sqlite row over the donor's on 0 line(s)
      reliability RAISED on a ruling that closes the flag for the product on 2 line(s): 902_a (902): FLAGGED -> HIGH on the ruling closure carried in the donor text; u_ce20ab6281 (<untagged>): FLAGGED -> HIGH on the ruling closure carried in the donor text
      donor text DROPPED as a reading of the donor's own drawing on 0 line(s) (quoted on the line as not carried)
    MEP text donated from 104-MEP, written for sheet A550, re-cited onto A550 - SAME SHEET, so every citation stands verbatim and no number is re-judged. The ONE exception is the
      '.1' CONNECTING plan variant, which room_types identifies as the connecting plan and which is
      dropped wherever rooms.connecting = 0 - a shared sheet is not a shared connecting plan.
      8 donor line(s) carried the DONOR's own re-point note (a fact about room 104, not this room); removed and replaced with this room's own: elec_outlets, elec_panel, elec_sink_sw, fp_smoke_a, lv_tvdata, lv_wap, mech_tstat, plmb_shower_a
      1 condensed line(s) have no row of their own in this room (carried on the donor citation): plmb_hotcold_a
      FLOOR-WRONG CITATION - fp_heads_a: 1 dropped (A121); trimmed from the cited list A120
      FLOOR-WRONG CITATION - mech_ptac: kept on this room's own row(s) M301
      FLOOR-WRONG CITATION - mech_tstat: kept on this room's own row(s) M301
      FLOOR-WRONG CITATION - plmb_fd_a: kept on this room's own row(s) P301
      FLOOR-WRONG CITATION - plmb_hotcold_a: kept on this room's own row(s) P305
      FLOOR-WRONG CITATION - plmb_trapguard_a: kept on this room's own row(s) P301
      FLOOR-WRONG CITATION - plmb_wc_a: kept (building-wide table) A100
      reliability from THIS room's own rows (never the donor's) - elec_lights: donor HIGH -> FLAGGED (worst of ITM-0014 [HIGH], ITM-0022 [FLAGGED], ITM-0023 [HIGH], ITM-0024 [HIGH], ITM-0025 [FLAGGED])
      reliability from THIS room's own rows (never the donor's) - elec_outlets: donor HIGH -> MEDIUM (worst of ITM-0017 [HIGH], ITM-0019 [HIGH], ITM-0020 [HIGH], ITM-0021 [MEDIUM])
      reliability from THIS room's own rows (never the donor's) - elec_panel: donor HIGH -> HIGH (worst of ITM-0001 [HIGH], ITM-0002 [HIGH], ITM-0003 [HIGH], ITM-0004 [HIGH], ITM-0005 [HIGH], ITM-0006 [HIGH], ITM-0007 [HIGH], ITM-0008 [HIGH], ITM-0009 [HIGH], ITM-0010 [HIGH], ITM-0011 [HIGH], ITM-0012 [HIGH], ITM-0013 [HIGH])
      reliability from THIS room's own rows (never the donor's) - lv_phone_db: donor HIGH -> FLAGGED (worst of ITM-0028 [HIGH], ITM-0031 [FLAGGED])
      reliability from THIS room's own rows (never the donor's) - lv_tvdata: donor HIGH -> FLAGGED (worst of ITM-0027 [HIGH], ITM-0029 [HIGH], ITM-0030 [FLAGGED])
      reliability from THIS room's own rows (never the donor's) - mech_grille_bath: donor HIGH -> FLAGGED (worst of ITM-0062 [HIGH], ITM-0063 [HIGH], ITM-0064 [MEDIUM], ITM-0065 [FLAGGED], ITM-0066 [MEDIUM], ITM-0067 [HIGH], ITM-0068 [HIGH], ITM-0069 [MEDIUM], ITM-0070 [FLAGGED])
      reliability from THIS room's own rows (never the donor's) - mech_grille_rm: donor HIGH -> FLAGGED (worst of ITM-0053 [FLAGGED])
      reliability from THIS room's own rows (never the donor's) - mech_ptac: donor HIGH -> MEDIUM (worst of ITM-0152 [MEDIUM], ITM-0048 [HIGH], ITM-0052 [HIGH], ITM-0054 [HIGH], ITM-0055 [HIGH], ITM-0056 [MEDIUM], ITM-0057 [HIGH], ITM-0058 [HIGH], ITM-0061 [MEDIUM])
      reliability from THIS room's own rows (never the donor's) - mech_tstat: donor HIGH -> HIGH (worst of ITM-0018 [HIGH], ITM-0059 [HIGH], ITM-0060 [HIGH])
      reliability from THIS room's own rows (never the donor's) - plmb_fd_a: donor HIGH -> MEDIUM (worst of ITM-0046 [MEDIUM])
      reliability from THIS room's own rows (never the donor's) - plmb_ksink_a: donor HIGH -> FLAGGED (worst of ITM-0051 [FLAGGED])
      reliability from THIS room's own rows (never the donor's) - plmb_lavfaucet_a: donor HIGH -> FLAGGED (worst of ITM-0043 [HIGH], ITM-0044 [HIGH], ITM-0045 [FLAGGED])
      reliability from THIS room's own rows (never the donor's) - plmb_shower_a: donor HIGH -> HIGH (worst of ITM-0150 [HIGH])
      reliability from THIS room's own rows (never the donor's) - plmb_trapguard_a: donor HIGH -> MEDIUM (worst of ITM-0047 [MEDIUM])
      reliability from THIS room's own rows (never the donor's) - plmb_wc_a: donor HIGH -> FLAGGED (worst of ITM-0039 [HIGH], ITM-0042 [FLAGGED])
      placed by product identity: ITM-0150 -> plmb_shower_a (floor-1 variant slot, MEP_VARIANT_SLOTS - the placement build_floor1 used)
      placed by product identity: ITM-0151 -> plmb_shencl_a (floor-1 variant slot, MEP_VARIANT_SLOTS - the placement build_floor1 used)
      placed by product identity: ITM-0152 -> mech_ptac (floor-1 variant slot, MEP_VARIANT_SLOTS - the placement build_floor1 used)
      placed by product identity: ITM-0156 -> fp_heads_a (floor-1 variant slot, MEP_VARIANT_SLOTS - the placement build_floor1 used)
      placed by product identity: ITM-0157 -> fp_heads_a (floor-1 variant slot, MEP_VARIANT_SLOTS - the placement build_floor1 used)
      placed by product identity: ITM-0158 -> fp_heads_a (floor-1 variant slot, MEP_VARIANT_SLOTS - the placement build_floor1 used)

  RULINGS
    APPLIED  D20 on GR-202: the ruling RESTATES the fold (sqlite already draws 2) and changes nothing - room type "King Studio" is a King-family key, which is the set D20 was ruled on
    DECLINED D12 on GR-322 - the ruling is about tag GR-322 in FF&E - Casegoods, and what this room draws in that category is GR-301, GR-302, GR-304, GR-318, GR-319, GR-320, GR-321, GR-323, so the ruling has nothing here to act on
    APPLIED  ruled lines: dh_closer_a (D28), dh_lock_a (D28)
    DECLINED D29/bsq_a: out of scope for room 424 ("King Studio", rooms.accessible 0); build_floor1.mjs scopes it the same way and this tool copies the predicate

  FLAGS CARRIED (nothing resolved)
    FF&E 5 non-HIGH line(s): 905_a [FLAGGED] 905, gr318_a [FLAGGED] GR-318, gr323_a [FLAGGED] GR-323, hd03_a [MEDIUM] HD-03, hd08_a [MEDIUM] HD-08
    MEP  13 non-HIGH line(s): elec_lights [FLAGGED] <untagged>, elec_outlets [MEDIUM] <untagged>, lv_phone_db [FLAGGED] <untagged>, lv_tvdata [FLAGGED] <untagged>, mech_grille_bath [FLAGGED] EAG-50, mech_grille_rm [FLAGGED] <untagged>, mech_ptac [MEDIUM] PTAC-1, plmb_fd_a [MEDIUM] FD, plmb_ksink_a [FLAGGED] SK-3 / SK-4, plmb_lavfaucet_a [FLAGGED] —, plmb_shower_a [FLAGGED] SH-1 / SH-4, plmb_trapguard_a [MEDIUM] TP, plmb_wc_a [FLAGGED] WC-3 / WC-4
    fp_heads_a: 3 room-specific sprinkler head row(s) carried (ITM-0156, ITM-0157, ITM-0158); donor floor-1 head total removed; reliability HIGH
    mech_ptac: 1 unit row(s) ITM-0152; mark "PTAC-1"; reliability HIGH; donor's own-row resolution removed

  CONFLICTS TABLE (data/project.sqlite conflicts, OPEN entries only)
    5 open entr(y/ies) touch this room: A11 [cited by own row(s) ITM-0101]; B3.1 [marks L-2, L-3, L-4, SH-1, SH-4, SK-3, SK-4]; B4.2 [marks 905]; B4.5 [marks GR-318, GR-323]; B5.6 [marks W4, W5]
    carried as a FLAG on 6 line(s): 905_a (905 <- B4.2[905]); gr318_a (GR-318 <- B4.5[GR-318]); gr323_a (GR-323 <- B4.5[GR-323]); plmb_ksink_a (SK-3 + SK-4 <- B3.1[SK-3,SK-4]); plmb_lavfaucet_a (L-2 + L-3 + L-4 <- B3.1[L-2,L-3,L-4]); plmb_shower_a (SH-1 + SH-4 <- B3.1[SH-1,SH-4]); every one of them is also in room note n_conflicts
    room notes seeded: n_conflicts, n_gaps, n_gategaps, n_rulings, n_type, n_typearea

----------------------------------------------------------------------------------------------------
ROOM 425  King Studio  (57 key(s) of this type: 104, 106, 108, 110, 112, 114, 204, 206, 208, 210, 212, 214, 216, 218, 222, 223, 224, 225, 226, 227, 229, 231, 233, 304, 306, 308, 310, 312, 314, 316, 318, 322, 323, 324, 325, 326, 327, 329, 331, 333, 404, 406, 408, 410, 412, 414, 416, 418, 422, 423, 424, 425, 426, 427, 429, 431, 433)
  doc type king-studio / "King Studio"   sheets: plan A103; room sheet A550; bath A530
  FF&E : 43 lines   [151 raw rows -> 43 gated -> 41 after 2 folds, + 2 ruled FF&E line(s)]
  MEP  : 23 lines   [77 MEP rows; 9 rough-in left off the punch; 0 deleted history row(s) in 104-MEP not copied]
  gate : 31 row(s) dropped by Austin's approved category gate (Paint / Drywall / Flooring / Doors / Stone-Surround / Wall Covering / FF&E-Misc), same as every approved floor-1 room

  DONOR USAGE - LIVE room 104 (King Studio)
    41 shared tag(s) took the donor's curated text: 901, 902, 903, 904, 905, <untagged>, GR-100, GR-101, GR-103, GR-200, GR-201, GR-202, GR-203, GR-204, GR-205, GR-301, GR-302, GR-304, GR-318, GR-319, GR-320, GR-321, GR-323, GR-400, GR-402, GR-402.1, GR-403, GR-500, GR-501, GR-502, GR-601, GR-601.1, GR-603, HD-03, HD-08, HD-12, HD-16, HD-18, HD-21, HD-22, kn 11
    0 tag(s) have NO live counterpart and ship from sqlite VERBATIM: none
    2 donor tag(s) not applicable to this type: DH-1, DH-2
    label: <untagged>: donor label extends sqlite ("Garbage disposer - Moen MGXP33C") - donor text carried
    THE DONOR MAY ENRICH, NEVER LAUNDER:
      reliability KEPT from this room's own sqlite row over the donor's on 0 line(s)
      reliability RAISED on a ruling that closes the flag for the product on 2 line(s): 902_a (902): FLAGGED -> HIGH on the ruling closure carried in the donor text; u_ce20ab6281 (<untagged>): FLAGGED -> HIGH on the ruling closure carried in the donor text
      donor text DROPPED as a reading of the donor's own drawing on 0 line(s) (quoted on the line as not carried)
    MEP text donated from 104-MEP, written for sheet A550, re-cited onto A550 - SAME SHEET, so every citation stands verbatim and no number is re-judged. The ONE exception is the
      '.1' CONNECTING plan variant, which room_types identifies as the connecting plan and which is
      dropped wherever rooms.connecting = 0 - a shared sheet is not a shared connecting plan.
      8 donor line(s) carried the DONOR's own re-point note (a fact about room 104, not this room); removed and replaced with this room's own: elec_outlets, elec_panel, elec_sink_sw, fp_smoke_a, lv_tvdata, lv_wap, mech_tstat, plmb_shower_a
      1 condensed line(s) have no row of their own in this room (carried on the donor citation): plmb_hotcold_a
      FLOOR-WRONG CITATION - fp_heads_a: 1 dropped (A121); trimmed from the cited list A120
      FLOOR-WRONG CITATION - mech_ptac: kept on this room's own row(s) M301
      FLOOR-WRONG CITATION - mech_tstat: kept on this room's own row(s) M301
      FLOOR-WRONG CITATION - plmb_fd_a: kept on this room's own row(s) P301
      FLOOR-WRONG CITATION - plmb_hotcold_a: kept on this room's own row(s) P305
      FLOOR-WRONG CITATION - plmb_trapguard_a: kept on this room's own row(s) P301
      FLOOR-WRONG CITATION - plmb_wc_a: kept (building-wide table) A100
      reliability from THIS room's own rows (never the donor's) - elec_lights: donor HIGH -> FLAGGED (worst of ITM-0014 [HIGH], ITM-0022 [FLAGGED], ITM-0023 [HIGH], ITM-0024 [HIGH], ITM-0025 [FLAGGED])
      reliability from THIS room's own rows (never the donor's) - elec_outlets: donor HIGH -> MEDIUM (worst of ITM-0017 [HIGH], ITM-0019 [HIGH], ITM-0020 [HIGH], ITM-0021 [MEDIUM])
      reliability from THIS room's own rows (never the donor's) - elec_panel: donor HIGH -> HIGH (worst of ITM-0001 [HIGH], ITM-0002 [HIGH], ITM-0003 [HIGH], ITM-0004 [HIGH], ITM-0005 [HIGH], ITM-0006 [HIGH], ITM-0007 [HIGH], ITM-0008 [HIGH], ITM-0009 [HIGH], ITM-0010 [HIGH], ITM-0011 [HIGH], ITM-0012 [HIGH], ITM-0013 [HIGH])
      reliability from THIS room's own rows (never the donor's) - lv_phone_db: donor HIGH -> FLAGGED (worst of ITM-0028 [HIGH], ITM-0031 [FLAGGED])
      reliability from THIS room's own rows (never the donor's) - lv_tvdata: donor HIGH -> FLAGGED (worst of ITM-0027 [HIGH], ITM-0029 [HIGH], ITM-0030 [FLAGGED])
      reliability from THIS room's own rows (never the donor's) - mech_grille_bath: donor HIGH -> FLAGGED (worst of ITM-0062 [HIGH], ITM-0063 [HIGH], ITM-0064 [MEDIUM], ITM-0065 [FLAGGED], ITM-0066 [MEDIUM], ITM-0067 [HIGH], ITM-0068 [HIGH], ITM-0069 [MEDIUM], ITM-0070 [FLAGGED])
      reliability from THIS room's own rows (never the donor's) - mech_grille_rm: donor HIGH -> FLAGGED (worst of ITM-0053 [FLAGGED])
      reliability from THIS room's own rows (never the donor's) - mech_ptac: donor HIGH -> MEDIUM (worst of ITM-0152 [MEDIUM], ITM-0048 [HIGH], ITM-0052 [HIGH], ITM-0054 [HIGH], ITM-0055 [HIGH], ITM-0056 [MEDIUM], ITM-0057 [HIGH], ITM-0058 [HIGH], ITM-0061 [MEDIUM])
      reliability from THIS room's own rows (never the donor's) - mech_tstat: donor HIGH -> HIGH (worst of ITM-0018 [HIGH], ITM-0059 [HIGH], ITM-0060 [HIGH])
      reliability from THIS room's own rows (never the donor's) - plmb_fd_a: donor HIGH -> MEDIUM (worst of ITM-0046 [MEDIUM])
      reliability from THIS room's own rows (never the donor's) - plmb_ksink_a: donor HIGH -> FLAGGED (worst of ITM-0051 [FLAGGED])
      reliability from THIS room's own rows (never the donor's) - plmb_lavfaucet_a: donor HIGH -> FLAGGED (worst of ITM-0043 [HIGH], ITM-0044 [HIGH], ITM-0045 [FLAGGED])
      reliability from THIS room's own rows (never the donor's) - plmb_shower_a: donor HIGH -> HIGH (worst of ITM-0150 [HIGH])
      reliability from THIS room's own rows (never the donor's) - plmb_trapguard_a: donor HIGH -> MEDIUM (worst of ITM-0047 [MEDIUM])
      reliability from THIS room's own rows (never the donor's) - plmb_wc_a: donor HIGH -> FLAGGED (worst of ITM-0039 [HIGH], ITM-0042 [FLAGGED])
      placed by product identity: ITM-0150 -> plmb_shower_a (floor-1 variant slot, MEP_VARIANT_SLOTS - the placement build_floor1 used)
      placed by product identity: ITM-0151 -> plmb_shencl_a (floor-1 variant slot, MEP_VARIANT_SLOTS - the placement build_floor1 used)
      placed by product identity: ITM-0152 -> mech_ptac (floor-1 variant slot, MEP_VARIANT_SLOTS - the placement build_floor1 used)
      placed by product identity: ITM-0156 -> fp_heads_a (floor-1 variant slot, MEP_VARIANT_SLOTS - the placement build_floor1 used)
      placed by product identity: ITM-0157 -> fp_heads_a (floor-1 variant slot, MEP_VARIANT_SLOTS - the placement build_floor1 used)
      placed by product identity: ITM-0158 -> fp_heads_a (floor-1 variant slot, MEP_VARIANT_SLOTS - the placement build_floor1 used)

  RULINGS
    APPLIED  D20 on GR-202: the ruling RESTATES the fold (sqlite already draws 2) and changes nothing - room type "King Studio" is a King-family key, which is the set D20 was ruled on
    DECLINED D12 on GR-322 - the ruling is about tag GR-322 in FF&E - Casegoods, and what this room draws in that category is GR-301, GR-302, GR-304, GR-318, GR-319, GR-320, GR-321, GR-323, so the ruling has nothing here to act on
    APPLIED  ruled lines: dh_closer_a (D28), dh_lock_a (D28)
    DECLINED D29/bsq_a: out of scope for room 425 ("King Studio", rooms.accessible 0); build_floor1.mjs scopes it the same way and this tool copies the predicate

  FLAGS CARRIED (nothing resolved)
    FF&E 5 non-HIGH line(s): 905_a [FLAGGED] 905, gr318_a [FLAGGED] GR-318, gr323_a [FLAGGED] GR-323, hd03_a [MEDIUM] HD-03, hd08_a [MEDIUM] HD-08
    MEP  13 non-HIGH line(s): elec_lights [FLAGGED] <untagged>, elec_outlets [MEDIUM] <untagged>, lv_phone_db [FLAGGED] <untagged>, lv_tvdata [FLAGGED] <untagged>, mech_grille_bath [FLAGGED] EAG-50, mech_grille_rm [FLAGGED] <untagged>, mech_ptac [MEDIUM] PTAC-1, plmb_fd_a [MEDIUM] FD, plmb_ksink_a [FLAGGED] SK-3 / SK-4, plmb_lavfaucet_a [FLAGGED] —, plmb_shower_a [FLAGGED] SH-1 / SH-4, plmb_trapguard_a [MEDIUM] TP, plmb_wc_a [FLAGGED] WC-3 / WC-4
    fp_heads_a: 3 room-specific sprinkler head row(s) carried (ITM-0156, ITM-0157, ITM-0158); donor floor-1 head total removed; reliability HIGH
    mech_ptac: 1 unit row(s) ITM-0152; mark "PTAC-1"; reliability HIGH; donor's own-row resolution removed

  CONFLICTS TABLE (data/project.sqlite conflicts, OPEN entries only)
    5 open entr(y/ies) touch this room: A11 [cited by own row(s) ITM-0101]; B3.1 [marks L-2, L-3, L-4, SH-1, SH-4, SK-3, SK-4]; B4.2 [marks 905]; B4.5 [marks GR-318, GR-323]; B5.6 [marks W4, W5]
    carried as a FLAG on 6 line(s): 905_a (905 <- B4.2[905]); gr318_a (GR-318 <- B4.5[GR-318]); gr323_a (GR-323 <- B4.5[GR-323]); plmb_ksink_a (SK-3 + SK-4 <- B3.1[SK-3,SK-4]); plmb_lavfaucet_a (L-2 + L-3 + L-4 <- B3.1[L-2,L-3,L-4]); plmb_shower_a (SH-1 + SH-4 <- B3.1[SH-1,SH-4]); every one of them is also in room note n_conflicts
    room notes seeded: n_conflicts, n_gaps, n_gategaps, n_rulings, n_type, n_typearea

----------------------------------------------------------------------------------------------------
ROOM 426  King Studio  (57 key(s) of this type: 104, 106, 108, 110, 112, 114, 204, 206, 208, 210, 212, 214, 216, 218, 222, 223, 224, 225, 226, 227, 229, 231, 233, 304, 306, 308, 310, 312, 314, 316, 318, 322, 323, 324, 325, 326, 327, 329, 331, 333, 404, 406, 408, 410, 412, 414, 416, 418, 422, 423, 424, 425, 426, 427, 429, 431, 433)
  doc type king-studio / "King Studio"   sheets: plan A103; room sheet A550; bath A530
  FF&E : 43 lines   [151 raw rows -> 43 gated -> 41 after 2 folds, + 2 ruled FF&E line(s)]
  MEP  : 23 lines   [77 MEP rows; 9 rough-in left off the punch; 0 deleted history row(s) in 104-MEP not copied]
  gate : 31 row(s) dropped by Austin's approved category gate (Paint / Drywall / Flooring / Doors / Stone-Surround / Wall Covering / FF&E-Misc), same as every approved floor-1 room

  DONOR USAGE - LIVE room 104 (King Studio)
    41 shared tag(s) took the donor's curated text: 901, 902, 903, 904, 905, <untagged>, GR-100, GR-101, GR-103, GR-200, GR-201, GR-202, GR-203, GR-204, GR-205, GR-301, GR-302, GR-304, GR-318, GR-319, GR-320, GR-321, GR-323, GR-400, GR-402, GR-402.1, GR-403, GR-500, GR-501, GR-502, GR-601, GR-601.1, GR-603, HD-03, HD-08, HD-12, HD-16, HD-18, HD-21, HD-22, kn 11
    0 tag(s) have NO live counterpart and ship from sqlite VERBATIM: none
    2 donor tag(s) not applicable to this type: DH-1, DH-2
    label: <untagged>: donor label extends sqlite ("Garbage disposer - Moen MGXP33C") - donor text carried
    THE DONOR MAY ENRICH, NEVER LAUNDER:
      reliability KEPT from this room's own sqlite row over the donor's on 0 line(s)
      reliability RAISED on a ruling that closes the flag for the product on 2 line(s): 902_a (902): FLAGGED -> HIGH on the ruling closure carried in the donor text; u_ce20ab6281 (<untagged>): FLAGGED -> HIGH on the ruling closure carried in the donor text
      donor text DROPPED as a reading of the donor's own drawing on 0 line(s) (quoted on the line as not carried)
    MEP text donated from 104-MEP, written for sheet A550, re-cited onto A550 - SAME SHEET, so every citation stands verbatim and no number is re-judged. The ONE exception is the
      '.1' CONNECTING plan variant, which room_types identifies as the connecting plan and which is
      dropped wherever rooms.connecting = 0 - a shared sheet is not a shared connecting plan.
      8 donor line(s) carried the DONOR's own re-point note (a fact about room 104, not this room); removed and replaced with this room's own: elec_outlets, elec_panel, elec_sink_sw, fp_smoke_a, lv_tvdata, lv_wap, mech_tstat, plmb_shower_a
      1 condensed line(s) have no row of their own in this room (carried on the donor citation): plmb_hotcold_a
      FLOOR-WRONG CITATION - fp_heads_a: 1 dropped (A121); trimmed from the cited list A120
      FLOOR-WRONG CITATION - mech_ptac: kept on this room's own row(s) M301
      FLOOR-WRONG CITATION - mech_tstat: kept on this room's own row(s) M301
      FLOOR-WRONG CITATION - plmb_fd_a: kept on this room's own row(s) P301
      FLOOR-WRONG CITATION - plmb_hotcold_a: kept on this room's own row(s) P305
      FLOOR-WRONG CITATION - plmb_trapguard_a: kept on this room's own row(s) P301
      FLOOR-WRONG CITATION - plmb_wc_a: kept (building-wide table) A100
      reliability from THIS room's own rows (never the donor's) - elec_lights: donor HIGH -> FLAGGED (worst of ITM-0014 [HIGH], ITM-0022 [FLAGGED], ITM-0023 [HIGH], ITM-0024 [HIGH], ITM-0025 [FLAGGED])
      reliability from THIS room's own rows (never the donor's) - elec_outlets: donor HIGH -> MEDIUM (worst of ITM-0017 [HIGH], ITM-0019 [HIGH], ITM-0020 [HIGH], ITM-0021 [MEDIUM])
      reliability from THIS room's own rows (never the donor's) - elec_panel: donor HIGH -> HIGH (worst of ITM-0001 [HIGH], ITM-0002 [HIGH], ITM-0003 [HIGH], ITM-0004 [HIGH], ITM-0005 [HIGH], ITM-0006 [HIGH], ITM-0007 [HIGH], ITM-0008 [HIGH], ITM-0009 [HIGH], ITM-0010 [HIGH], ITM-0011 [HIGH], ITM-0012 [HIGH], ITM-0013 [HIGH])
      reliability from THIS room's own rows (never the donor's) - lv_phone_db: donor HIGH -> FLAGGED (worst of ITM-0028 [HIGH], ITM-0031 [FLAGGED])
      reliability from THIS room's own rows (never the donor's) - lv_tvdata: donor HIGH -> FLAGGED (worst of ITM-0027 [HIGH], ITM-0029 [HIGH], ITM-0030 [FLAGGED])
      reliability from THIS room's own rows (never the donor's) - mech_grille_bath: donor HIGH -> FLAGGED (worst of ITM-0062 [HIGH], ITM-0063 [HIGH], ITM-0064 [MEDIUM], ITM-0065 [FLAGGED], ITM-0066 [MEDIUM], ITM-0067 [HIGH], ITM-0068 [HIGH], ITM-0069 [MEDIUM], ITM-0070 [FLAGGED])
      reliability from THIS room's own rows (never the donor's) - mech_grille_rm: donor HIGH -> FLAGGED (worst of ITM-0053 [FLAGGED])
      reliability from THIS room's own rows (never the donor's) - mech_ptac: donor HIGH -> MEDIUM (worst of ITM-0152 [MEDIUM], ITM-0048 [HIGH], ITM-0052 [HIGH], ITM-0054 [HIGH], ITM-0055 [HIGH], ITM-0056 [MEDIUM], ITM-0057 [HIGH], ITM-0058 [HIGH], ITM-0061 [MEDIUM])
      reliability from THIS room's own rows (never the donor's) - mech_tstat: donor HIGH -> HIGH (worst of ITM-0018 [HIGH], ITM-0059 [HIGH], ITM-0060 [HIGH])
      reliability from THIS room's own rows (never the donor's) - plmb_fd_a: donor HIGH -> MEDIUM (worst of ITM-0046 [MEDIUM])
      reliability from THIS room's own rows (never the donor's) - plmb_ksink_a: donor HIGH -> FLAGGED (worst of ITM-0051 [FLAGGED])
      reliability from THIS room's own rows (never the donor's) - plmb_lavfaucet_a: donor HIGH -> FLAGGED (worst of ITM-0043 [HIGH], ITM-0044 [HIGH], ITM-0045 [FLAGGED])
      reliability from THIS room's own rows (never the donor's) - plmb_shower_a: donor HIGH -> HIGH (worst of ITM-0150 [HIGH])
      reliability from THIS room's own rows (never the donor's) - plmb_trapguard_a: donor HIGH -> MEDIUM (worst of ITM-0047 [MEDIUM])
      reliability from THIS room's own rows (never the donor's) - plmb_wc_a: donor HIGH -> FLAGGED (worst of ITM-0039 [HIGH], ITM-0042 [FLAGGED])
      placed by product identity: ITM-0150 -> plmb_shower_a (floor-1 variant slot, MEP_VARIANT_SLOTS - the placement build_floor1 used)
      placed by product identity: ITM-0151 -> plmb_shencl_a (floor-1 variant slot, MEP_VARIANT_SLOTS - the placement build_floor1 used)
      placed by product identity: ITM-0152 -> mech_ptac (floor-1 variant slot, MEP_VARIANT_SLOTS - the placement build_floor1 used)
      placed by product identity: ITM-0156 -> fp_heads_a (floor-1 variant slot, MEP_VARIANT_SLOTS - the placement build_floor1 used)
      placed by product identity: ITM-0157 -> fp_heads_a (floor-1 variant slot, MEP_VARIANT_SLOTS - the placement build_floor1 used)
      placed by product identity: ITM-0158 -> fp_heads_a (floor-1 variant slot, MEP_VARIANT_SLOTS - the placement build_floor1 used)

  RULINGS
    APPLIED  D20 on GR-202: the ruling RESTATES the fold (sqlite already draws 2) and changes nothing - room type "King Studio" is a King-family key, which is the set D20 was ruled on
    DECLINED D12 on GR-322 - the ruling is about tag GR-322 in FF&E - Casegoods, and what this room draws in that category is GR-301, GR-302, GR-304, GR-318, GR-319, GR-320, GR-321, GR-323, so the ruling has nothing here to act on
    APPLIED  ruled lines: dh_closer_a (D28), dh_lock_a (D28)
    DECLINED D29/bsq_a: out of scope for room 426 ("King Studio", rooms.accessible 0); build_floor1.mjs scopes it the same way and this tool copies the predicate

  FLAGS CARRIED (nothing resolved)
    FF&E 5 non-HIGH line(s): 905_a [FLAGGED] 905, gr318_a [FLAGGED] GR-318, gr323_a [FLAGGED] GR-323, hd03_a [MEDIUM] HD-03, hd08_a [MEDIUM] HD-08
    MEP  13 non-HIGH line(s): elec_lights [FLAGGED] <untagged>, elec_outlets [MEDIUM] <untagged>, lv_phone_db [FLAGGED] <untagged>, lv_tvdata [FLAGGED] <untagged>, mech_grille_bath [FLAGGED] EAG-50, mech_grille_rm [FLAGGED] <untagged>, mech_ptac [MEDIUM] PTAC-1, plmb_fd_a [MEDIUM] FD, plmb_ksink_a [FLAGGED] SK-3 / SK-4, plmb_lavfaucet_a [FLAGGED] —, plmb_shower_a [FLAGGED] SH-1 / SH-4, plmb_trapguard_a [MEDIUM] TP, plmb_wc_a [FLAGGED] WC-3 / WC-4
    fp_heads_a: 3 room-specific sprinkler head row(s) carried (ITM-0156, ITM-0157, ITM-0158); donor floor-1 head total removed; reliability HIGH
    mech_ptac: 1 unit row(s) ITM-0152; mark "PTAC-1"; reliability HIGH; donor's own-row resolution removed

  CONFLICTS TABLE (data/project.sqlite conflicts, OPEN entries only)
    5 open entr(y/ies) touch this room: A11 [cited by own row(s) ITM-0101]; B3.1 [marks L-2, L-3, L-4, SH-1, SH-4, SK-3, SK-4]; B4.2 [marks 905]; B4.5 [marks GR-318, GR-323]; B5.6 [marks W4, W5]
    carried as a FLAG on 6 line(s): 905_a (905 <- B4.2[905]); gr318_a (GR-318 <- B4.5[GR-318]); gr323_a (GR-323 <- B4.5[GR-323]); plmb_ksink_a (SK-3 + SK-4 <- B3.1[SK-3,SK-4]); plmb_lavfaucet_a (L-2 + L-3 + L-4 <- B3.1[L-2,L-3,L-4]); plmb_shower_a (SH-1 + SH-4 <- B3.1[SH-1,SH-4]); every one of them is also in room note n_conflicts
    room notes seeded: n_conflicts, n_gaps, n_gategaps, n_rulings, n_type, n_typearea

----------------------------------------------------------------------------------------------------
ROOM 427  King Studio  (57 key(s) of this type: 104, 106, 108, 110, 112, 114, 204, 206, 208, 210, 212, 214, 216, 218, 222, 223, 224, 225, 226, 227, 229, 231, 233, 304, 306, 308, 310, 312, 314, 316, 318, 322, 323, 324, 325, 326, 327, 329, 331, 333, 404, 406, 408, 410, 412, 414, 416, 418, 422, 423, 424, 425, 426, 427, 429, 431, 433)
  doc type king-studio / "King Studio"   sheets: plan A103; room sheet A550; bath A530
  FF&E : 43 lines   [151 raw rows -> 43 gated -> 41 after 2 folds, + 2 ruled FF&E line(s)]
  MEP  : 23 lines   [77 MEP rows; 9 rough-in left off the punch; 0 deleted history row(s) in 104-MEP not copied]
  gate : 31 row(s) dropped by Austin's approved category gate (Paint / Drywall / Flooring / Doors / Stone-Surround / Wall Covering / FF&E-Misc), same as every approved floor-1 room

  DONOR USAGE - LIVE room 104 (King Studio)
    41 shared tag(s) took the donor's curated text: 901, 902, 903, 904, 905, <untagged>, GR-100, GR-101, GR-103, GR-200, GR-201, GR-202, GR-203, GR-204, GR-205, GR-301, GR-302, GR-304, GR-318, GR-319, GR-320, GR-321, GR-323, GR-400, GR-402, GR-402.1, GR-403, GR-500, GR-501, GR-502, GR-601, GR-601.1, GR-603, HD-03, HD-08, HD-12, HD-16, HD-18, HD-21, HD-22, kn 11
    0 tag(s) have NO live counterpart and ship from sqlite VERBATIM: none
    2 donor tag(s) not applicable to this type: DH-1, DH-2
    label: <untagged>: donor label extends sqlite ("Garbage disposer - Moen MGXP33C") - donor text carried
    THE DONOR MAY ENRICH, NEVER LAUNDER:
      reliability KEPT from this room's own sqlite row over the donor's on 0 line(s)
      reliability RAISED on a ruling that closes the flag for the product on 2 line(s): 902_a (902): FLAGGED -> HIGH on the ruling closure carried in the donor text; u_ce20ab6281 (<untagged>): FLAGGED -> HIGH on the ruling closure carried in the donor text
      donor text DROPPED as a reading of the donor's own drawing on 0 line(s) (quoted on the line as not carried)
    MEP text donated from 104-MEP, written for sheet A550, re-cited onto A550 - SAME SHEET, so every citation stands verbatim and no number is re-judged. The ONE exception is the
      '.1' CONNECTING plan variant, which room_types identifies as the connecting plan and which is
      dropped wherever rooms.connecting = 0 - a shared sheet is not a shared connecting plan.
      8 donor line(s) carried the DONOR's own re-point note (a fact about room 104, not this room); removed and replaced with this room's own: elec_outlets, elec_panel, elec_sink_sw, fp_smoke_a, lv_tvdata, lv_wap, mech_tstat, plmb_shower_a
      1 condensed line(s) have no row of their own in this room (carried on the donor citation): plmb_hotcold_a
      FLOOR-WRONG CITATION - fp_heads_a: 1 dropped (A121); trimmed from the cited list A120
      FLOOR-WRONG CITATION - mech_ptac: kept on this room's own row(s) M301
      FLOOR-WRONG CITATION - mech_tstat: kept on this room's own row(s) M301
      FLOOR-WRONG CITATION - plmb_fd_a: kept on this room's own row(s) P301
      FLOOR-WRONG CITATION - plmb_hotcold_a: kept on this room's own row(s) P305
      FLOOR-WRONG CITATION - plmb_trapguard_a: kept on this room's own row(s) P301
      FLOOR-WRONG CITATION - plmb_wc_a: kept (building-wide table) A100
      reliability from THIS room's own rows (never the donor's) - elec_lights: donor HIGH -> FLAGGED (worst of ITM-0014 [HIGH], ITM-0022 [FLAGGED], ITM-0023 [HIGH], ITM-0024 [HIGH], ITM-0025 [FLAGGED])
      reliability from THIS room's own rows (never the donor's) - elec_outlets: donor HIGH -> MEDIUM (worst of ITM-0017 [HIGH], ITM-0019 [HIGH], ITM-0020 [HIGH], ITM-0021 [MEDIUM])
      reliability from THIS room's own rows (never the donor's) - elec_panel: donor HIGH -> HIGH (worst of ITM-0001 [HIGH], ITM-0002 [HIGH], ITM-0003 [HIGH], ITM-0004 [HIGH], ITM-0005 [HIGH], ITM-0006 [HIGH], ITM-0007 [HIGH], ITM-0008 [HIGH], ITM-0009 [HIGH], ITM-0010 [HIGH], ITM-0011 [HIGH], ITM-0012 [HIGH], ITM-0013 [HIGH])
      reliability from THIS room's own rows (never the donor's) - lv_phone_db: donor HIGH -> FLAGGED (worst of ITM-0028 [HIGH], ITM-0031 [FLAGGED])
      reliability from THIS room's own rows (never the donor's) - lv_tvdata: donor HIGH -> FLAGGED (worst of ITM-0027 [HIGH], ITM-0029 [HIGH], ITM-0030 [FLAGGED])
      reliability from THIS room's own rows (never the donor's) - mech_grille_bath: donor HIGH -> FLAGGED (worst of ITM-0062 [HIGH], ITM-0063 [HIGH], ITM-0064 [MEDIUM], ITM-0065 [FLAGGED], ITM-0066 [MEDIUM], ITM-0067 [HIGH], ITM-0068 [HIGH], ITM-0069 [MEDIUM], ITM-0070 [FLAGGED])
      reliability from THIS room's own rows (never the donor's) - mech_grille_rm: donor HIGH -> FLAGGED (worst of ITM-0053 [FLAGGED])
      reliability from THIS room's own rows (never the donor's) - mech_ptac: donor HIGH -> MEDIUM (worst of ITM-0152 [MEDIUM], ITM-0048 [HIGH], ITM-0052 [HIGH], ITM-0054 [HIGH], ITM-0055 [HIGH], ITM-0056 [MEDIUM], ITM-0057 [HIGH], ITM-0058 [HIGH], ITM-0061 [MEDIUM])
      reliability from THIS room's own rows (never the donor's) - mech_tstat: donor HIGH -> HIGH (worst of ITM-0018 [HIGH], ITM-0059 [HIGH], ITM-0060 [HIGH])
      reliability from THIS room's own rows (never the donor's) - plmb_fd_a: donor HIGH -> MEDIUM (worst of ITM-0046 [MEDIUM])
      reliability from THIS room's own rows (never the donor's) - plmb_ksink_a: donor HIGH -> FLAGGED (worst of ITM-0051 [FLAGGED])
      reliability from THIS room's own rows (never the donor's) - plmb_lavfaucet_a: donor HIGH -> FLAGGED (worst of ITM-0043 [HIGH], ITM-0044 [HIGH], ITM-0045 [FLAGGED])
      reliability from THIS room's own rows (never the donor's) - plmb_shower_a: donor HIGH -> HIGH (worst of ITM-0150 [HIGH])
      reliability from THIS room's own rows (never the donor's) - plmb_trapguard_a: donor HIGH -> MEDIUM (worst of ITM-0047 [MEDIUM])
      reliability from THIS room's own rows (never the donor's) - plmb_wc_a: donor HIGH -> FLAGGED (worst of ITM-0039 [HIGH], ITM-0042 [FLAGGED])
      placed by product identity: ITM-0150 -> plmb_shower_a (floor-1 variant slot, MEP_VARIANT_SLOTS - the placement build_floor1 used)
      placed by product identity: ITM-0151 -> plmb_shencl_a (floor-1 variant slot, MEP_VARIANT_SLOTS - the placement build_floor1 used)
      placed by product identity: ITM-0152 -> mech_ptac (floor-1 variant slot, MEP_VARIANT_SLOTS - the placement build_floor1 used)
      placed by product identity: ITM-0156 -> fp_heads_a (floor-1 variant slot, MEP_VARIANT_SLOTS - the placement build_floor1 used)
      placed by product identity: ITM-0157 -> fp_heads_a (floor-1 variant slot, MEP_VARIANT_SLOTS - the placement build_floor1 used)
      placed by product identity: ITM-0158 -> fp_heads_a (floor-1 variant slot, MEP_VARIANT_SLOTS - the placement build_floor1 used)

  RULINGS
    APPLIED  D20 on GR-202: the ruling RESTATES the fold (sqlite already draws 2) and changes nothing - room type "King Studio" is a King-family key, which is the set D20 was ruled on
    DECLINED D12 on GR-322 - the ruling is about tag GR-322 in FF&E - Casegoods, and what this room draws in that category is GR-301, GR-302, GR-304, GR-318, GR-319, GR-320, GR-321, GR-323, so the ruling has nothing here to act on
    APPLIED  ruled lines: dh_closer_a (D28), dh_lock_a (D28)
    DECLINED D29/bsq_a: out of scope for room 427 ("King Studio", rooms.accessible 0); build_floor1.mjs scopes it the same way and this tool copies the predicate

  FLAGS CARRIED (nothing resolved)
    FF&E 5 non-HIGH line(s): 905_a [FLAGGED] 905, gr318_a [FLAGGED] GR-318, gr323_a [FLAGGED] GR-323, hd03_a [MEDIUM] HD-03, hd08_a [MEDIUM] HD-08
    MEP  13 non-HIGH line(s): elec_lights [FLAGGED] <untagged>, elec_outlets [MEDIUM] <untagged>, lv_phone_db [FLAGGED] <untagged>, lv_tvdata [FLAGGED] <untagged>, mech_grille_bath [FLAGGED] EAG-50, mech_grille_rm [FLAGGED] <untagged>, mech_ptac [MEDIUM] PTAC-1, plmb_fd_a [MEDIUM] FD, plmb_ksink_a [FLAGGED] SK-3 / SK-4, plmb_lavfaucet_a [FLAGGED] —, plmb_shower_a [FLAGGED] SH-1 / SH-4, plmb_trapguard_a [MEDIUM] TP, plmb_wc_a [FLAGGED] WC-3 / WC-4
    fp_heads_a: 3 room-specific sprinkler head row(s) carried (ITM-0156, ITM-0157, ITM-0158); donor floor-1 head total removed; reliability HIGH
    mech_ptac: 1 unit row(s) ITM-0152; mark "PTAC-1"; reliability HIGH; donor's own-row resolution removed

  CONFLICTS TABLE (data/project.sqlite conflicts, OPEN entries only)
    5 open entr(y/ies) touch this room: A11 [cited by own row(s) ITM-0101]; B3.1 [marks L-2, L-3, L-4, SH-1, SH-4, SK-3, SK-4]; B4.2 [marks 905]; B4.5 [marks GR-318, GR-323]; B5.6 [marks W4, W5]
    carried as a FLAG on 6 line(s): 905_a (905 <- B4.2[905]); gr318_a (GR-318 <- B4.5[GR-318]); gr323_a (GR-323 <- B4.5[GR-323]); plmb_ksink_a (SK-3 + SK-4 <- B3.1[SK-3,SK-4]); plmb_lavfaucet_a (L-2 + L-3 + L-4 <- B3.1[L-2,L-3,L-4]); plmb_shower_a (SH-1 + SH-4 <- B3.1[SH-1,SH-4]); every one of them is also in room note n_conflicts
    room notes seeded: n_conflicts, n_gaps, n_gategaps, n_rulings, n_type, n_typearea

----------------------------------------------------------------------------------------------------
ROOM 428  Queen-Queen  (31 key(s) of this type: 105, 107, 109, 111, 113, 115, 203, 205, 207, 209, 211, 213, 228, 234, 303, 305, 307, 309, 311, 313, 315, 328, 334, 405, 407, 409, 411, 413, 415, 428, 434)
  doc type queen-queen / "Queen-Queen"   sheets: plan A103; room sheet A555; bath A530
  FF&E : 42 lines   [154 raw rows -> 46 gated -> 40 after 6 folds, + 2 ruled FF&E line(s)]
  MEP  : 23 lines   [77 MEP rows; 9 rough-in left off the punch; 77 deleted history row(s) in 105-MEP not copied]
  gate : 31 row(s) dropped by Austin's approved category gate (Paint / Drywall / Flooring / Doors / Stone-Surround / Wall Covering / FF&E-Misc), same as every approved floor-1 room

  DONOR USAGE - LIVE room 105 (Queen-Queen)
    39 shared tag(s) took the donor's curated text: 901, 902, 903, 904, 905, <untagged>, GR-100, GR-101, GR-103, GR-200, GR-201, GR-203, GR-204, GR-205, GR-207, GR-208, GR-300, GR-302, GR-318, GR-321, GR-322, GR-400, GR-402, GR-402.1, GR-403, GR-500, GR-501, GR-502, GR-600, GR-600.1, GR-602, HD-03, HD-08, HD-12, HD-16, HD-18, HD-21, HD-22, kn 11
    1 tag(s) have NO live counterpart and ship from sqlite VERBATIM: GR-308 [FLAGGED]
    3 donor tag(s) not applicable to this type: DH-1, DH-2, GR-305
    1 RETIRED donor line(s) skipped - a tombstone is not a source
    label: <untagged>: donor label extends sqlite ("Garbage disposer - Moen MGXP33C") - donor text carried
    THE DONOR MAY ENRICH, NEVER LAUNDER:
      reliability KEPT from this room's own sqlite row over the donor's on 0 line(s)
      reliability RAISED on a ruling that closes the flag for the product on 2 line(s): 902_a (902): FLAGGED -> HIGH on the ruling closure carried in the donor text; u_ce20ab6281 (<untagged>): FLAGGED -> HIGH on the ruling closure carried in the donor text
      donor text DROPPED as a reading of the donor's own drawing on 0 line(s) (quoted on the line as not carried)
    MEP text donated from 105-MEP, written for sheet A555, re-cited onto A555 - SAME SHEET, so every citation stands verbatim and no number is re-judged. The ONE exception is the
      '.1' CONNECTING plan variant, which room_types identifies as the connecting plan and which is
      dropped wherever rooms.connecting = 0 - a shared sheet is not a shared connecting plan.
      CONNECTING plan reference(s) dropped on a NON-connecting room (rooms.connecting = 0), and the line
      says so: elec_outlets, elec_panel, elec_sink_sw, lv_tvdata, lv_wap
      1 condensed line(s) have no row of their own in this room (carried on the donor citation): plmb_hotcold_a
      FLOOR-WRONG CITATION - fp_heads_a: 1 dropped (A121); trimmed from the cited list A120
      FLOOR-WRONG CITATION - mech_ptac: kept on this room's own row(s) M301
      FLOOR-WRONG CITATION - mech_tstat: kept on this room's own row(s) M301
      FLOOR-WRONG CITATION - plmb_fd_a: kept on this room's own row(s) P301
      FLOOR-WRONG CITATION - plmb_hotcold_a: kept on this room's own row(s) P305
      FLOOR-WRONG CITATION - plmb_trapguard_a: kept on this room's own row(s) P301
      FLOOR-WRONG CITATION - plmb_wc_a: kept (building-wide table) A100
      reliability from THIS room's own rows (never the donor's) - elec_lights: donor HIGH -> FLAGGED (worst of ITM-0014 [HIGH], ITM-0022 [FLAGGED], ITM-0023 [HIGH], ITM-0024 [HIGH], ITM-0025 [FLAGGED])
      reliability from THIS room's own rows (never the donor's) - elec_outlets: donor HIGH -> MEDIUM (worst of ITM-0017 [HIGH], ITM-0019 [HIGH], ITM-0020 [HIGH], ITM-0021 [MEDIUM])
      reliability from THIS room's own rows (never the donor's) - elec_panel: donor HIGH -> HIGH (worst of ITM-0001 [HIGH], ITM-0002 [HIGH], ITM-0003 [HIGH], ITM-0004 [HIGH], ITM-0005 [HIGH], ITM-0006 [HIGH], ITM-0007 [HIGH], ITM-0008 [HIGH], ITM-0009 [HIGH], ITM-0010 [HIGH], ITM-0011 [HIGH], ITM-0012 [HIGH], ITM-0013 [HIGH])
      reliability from THIS room's own rows (never the donor's) - lv_phone_db: donor HIGH -> FLAGGED (worst of ITM-0028 [HIGH], ITM-0031 [FLAGGED])
      reliability from THIS room's own rows (never the donor's) - lv_tvdata: donor HIGH -> FLAGGED (worst of ITM-0027 [HIGH], ITM-0029 [HIGH], ITM-0030 [FLAGGED])
      reliability from THIS room's own rows (never the donor's) - mech_grille_bath: donor HIGH -> FLAGGED (worst of ITM-0062 [HIGH], ITM-0063 [HIGH], ITM-0064 [MEDIUM], ITM-0065 [FLAGGED], ITM-0066 [MEDIUM], ITM-0067 [HIGH], ITM-0068 [HIGH], ITM-0069 [MEDIUM], ITM-0070 [FLAGGED])
      reliability from THIS room's own rows (never the donor's) - mech_grille_rm: donor HIGH -> FLAGGED (worst of ITM-0053 [FLAGGED])
      reliability from THIS room's own rows (never the donor's) - mech_ptac: donor HIGH -> FLAGGED (worst of ITM-0443 [FLAGGED], ITM-0048 [HIGH], ITM-0052 [HIGH], ITM-0054 [HIGH], ITM-0055 [HIGH], ITM-0056 [MEDIUM], ITM-0057 [HIGH], ITM-0058 [HIGH], ITM-0061 [MEDIUM])
      reliability from THIS room's own rows (never the donor's) - mech_tstat: donor HIGH -> HIGH (worst of ITM-0018 [HIGH], ITM-0059 [HIGH], ITM-0060 [HIGH])
      reliability from THIS room's own rows (never the donor's) - plmb_fd_a: donor HIGH -> MEDIUM (worst of ITM-0046 [MEDIUM])
      reliability from THIS room's own rows (never the donor's) - plmb_ksink_a: donor HIGH -> FLAGGED (worst of ITM-0051 [FLAGGED])
      reliability from THIS room's own rows (never the donor's) - plmb_lavfaucet_a: donor HIGH -> FLAGGED (worst of ITM-0043 [HIGH], ITM-0044 [HIGH], ITM-0045 [FLAGGED])
      reliability from THIS room's own rows (never the donor's) - plmb_shower_a: donor HIGH -> HIGH (worst of ITM-0441 [HIGH])
      reliability from THIS room's own rows (never the donor's) - plmb_trapguard_a: donor HIGH -> MEDIUM (worst of ITM-0047 [MEDIUM])
      reliability from THIS room's own rows (never the donor's) - plmb_wc_a: donor HIGH -> FLAGGED (worst of ITM-0039 [HIGH], ITM-0042 [FLAGGED])

  RULINGS
    APPLIED  D12 on GR-322: qty 1 -> 3, and the line note says so - this room tags the nightstand family once (GR-322 only) and carries 2 queen bed(s), which is exactly the case D12 was ruled on
    DECLINED D20 on GR-202 - the ruling is about tag GR-202 in FF&E - Lighting, and what this room draws in that category is GR-200, GR-201, GR-203, GR-204, GR-205, GR-207, GR-208, so the ruling has nothing here to act on
    APPLIED  ruled lines: dh_closer_a (D28), dh_lock_a (D28)
    DECLINED D29/bsq_a: out of scope for room 428 ("Queen-Queen", rooms.accessible 0); build_floor1.mjs scopes it the same way and this tool copies the predicate
    D22: NO CORRECTION ON FLOOR 4 - the 4th Floor FF&E Installation tab does not reconcile; GR-308 carried as transcribed, OPEN for Austin - see room note n_d22

  FLAGS CARRIED (nothing resolved)
    FF&E 7 non-HIGH line(s): 905_a [FLAGGED] 905, gr300_a [FLAGGED] GR-300, gr308_a [FLAGGED] GR-308, gr318_a [FLAGGED] GR-318, gr322_a [FLAGGED] GR-322, hd03_a [MEDIUM] HD-03, hd08_a [MEDIUM] HD-08
    MEP  13 non-HIGH line(s): elec_lights [FLAGGED] <untagged>, elec_outlets [MEDIUM] <untagged>, lv_phone_db [FLAGGED] <untagged>, lv_tvdata [FLAGGED] <untagged>, mech_grille_bath [FLAGGED] EAG-50, mech_grille_rm [FLAGGED] <untagged>, mech_ptac [FLAGGED] PTAC, plmb_fd_a [MEDIUM] FD, plmb_ksink_a [FLAGGED] SK-3 / SK-4, plmb_lavfaucet_a [FLAGGED] —, plmb_shower_a [FLAGGED] SH-1 / SH-4, plmb_trapguard_a [MEDIUM] TP, plmb_wc_a [FLAGGED] WC-3 / WC-4
    fp_heads_a: 3 room-specific sprinkler head row(s) carried (ITM-0447, ITM-0448, ITM-0449); donor floor-1 head total removed; reliability HIGH

  CONFLICTS TABLE (data/project.sqlite conflicts, OPEN entries only)
    7 open entr(y/ies) touch this room: A11 [keys 115] [cited by own row(s) ITM-0103]; B3.1 [marks L-2, L-3, L-4, SH-1, SH-4, SK-3, SK-4]; B4.2 [marks 905]; B4.5 [marks GR-300, GR-308, GR-318, GR-322]; B5.3 [keys 115]; B5.4 [keys 115]; B5.6 [marks W4, W5]
    carried as a FLAG on 8 line(s): 905_a (905 <- B4.2[905]); gr300_a (GR-300 <- B4.5[GR-300]); gr308_a (GR-308 <- B4.5[GR-308]); gr318_a (GR-318 <- B4.5[GR-318]); gr322_a (GR-322 <- B4.5[GR-322]); plmb_ksink_a (SK-3 + SK-4 <- B3.1[SK-3,SK-4]); plmb_lavfaucet_a (L-2 + L-3 + L-4 <- B3.1[L-2,L-3,L-4]); plmb_shower_a (SH-1 + SH-4 <- B3.1[SH-1,SH-4]); every one of them is also in room note n_conflicts
    room notes seeded: n_conflicts, n_d22, n_gaps, n_gategaps, n_rulings, n_type

----------------------------------------------------------------------------------------------------
ROOM 429  King Studio  (57 key(s) of this type: 104, 106, 108, 110, 112, 114, 204, 206, 208, 210, 212, 214, 216, 218, 222, 223, 224, 225, 226, 227, 229, 231, 233, 304, 306, 308, 310, 312, 314, 316, 318, 322, 323, 324, 325, 326, 327, 329, 331, 333, 404, 406, 408, 410, 412, 414, 416, 418, 422, 423, 424, 425, 426, 427, 429, 431, 433)
  doc type king-studio / "King Studio"   sheets: plan A103; room sheet A550; bath A530
  FF&E : 43 lines   [151 raw rows -> 43 gated -> 41 after 2 folds, + 2 ruled FF&E line(s)]
  MEP  : 23 lines   [77 MEP rows; 9 rough-in left off the punch; 0 deleted history row(s) in 104-MEP not copied]
  gate : 31 row(s) dropped by Austin's approved category gate (Paint / Drywall / Flooring / Doors / Stone-Surround / Wall Covering / FF&E-Misc), same as every approved floor-1 room

  DONOR USAGE - LIVE room 104 (King Studio)
    41 shared tag(s) took the donor's curated text: 901, 902, 903, 904, 905, <untagged>, GR-100, GR-101, GR-103, GR-200, GR-201, GR-202, GR-203, GR-204, GR-205, GR-301, GR-302, GR-304, GR-318, GR-319, GR-320, GR-321, GR-323, GR-400, GR-402, GR-402.1, GR-403, GR-500, GR-501, GR-502, GR-601, GR-601.1, GR-603, HD-03, HD-08, HD-12, HD-16, HD-18, HD-21, HD-22, kn 11
    0 tag(s) have NO live counterpart and ship from sqlite VERBATIM: none
    2 donor tag(s) not applicable to this type: DH-1, DH-2
    label: <untagged>: donor label extends sqlite ("Garbage disposer - Moen MGXP33C") - donor text carried
    THE DONOR MAY ENRICH, NEVER LAUNDER:
      reliability KEPT from this room's own sqlite row over the donor's on 0 line(s)
      reliability RAISED on a ruling that closes the flag for the product on 2 line(s): 902_a (902): FLAGGED -> HIGH on the ruling closure carried in the donor text; u_ce20ab6281 (<untagged>): FLAGGED -> HIGH on the ruling closure carried in the donor text
      donor text DROPPED as a reading of the donor's own drawing on 0 line(s) (quoted on the line as not carried)
    MEP text donated from 104-MEP, written for sheet A550, re-cited onto A550 - SAME SHEET, so every citation stands verbatim and no number is re-judged. The ONE exception is the
      '.1' CONNECTING plan variant, which room_types identifies as the connecting plan and which is
      dropped wherever rooms.connecting = 0 - a shared sheet is not a shared connecting plan.
      8 donor line(s) carried the DONOR's own re-point note (a fact about room 104, not this room); removed and replaced with this room's own: elec_outlets, elec_panel, elec_sink_sw, fp_smoke_a, lv_tvdata, lv_wap, mech_tstat, plmb_shower_a
      1 condensed line(s) have no row of their own in this room (carried on the donor citation): plmb_hotcold_a
      FLOOR-WRONG CITATION - fp_heads_a: 1 dropped (A121); trimmed from the cited list A120
      FLOOR-WRONG CITATION - mech_ptac: kept on this room's own row(s) M301
      FLOOR-WRONG CITATION - mech_tstat: kept on this room's own row(s) M301
      FLOOR-WRONG CITATION - plmb_fd_a: kept on this room's own row(s) P301
      FLOOR-WRONG CITATION - plmb_hotcold_a: kept on this room's own row(s) P305
      FLOOR-WRONG CITATION - plmb_trapguard_a: kept on this room's own row(s) P301
      FLOOR-WRONG CITATION - plmb_wc_a: kept (building-wide table) A100
      reliability from THIS room's own rows (never the donor's) - elec_lights: donor HIGH -> FLAGGED (worst of ITM-0014 [HIGH], ITM-0022 [FLAGGED], ITM-0023 [HIGH], ITM-0024 [HIGH], ITM-0025 [FLAGGED])
      reliability from THIS room's own rows (never the donor's) - elec_outlets: donor HIGH -> MEDIUM (worst of ITM-0017 [HIGH], ITM-0019 [HIGH], ITM-0020 [HIGH], ITM-0021 [MEDIUM])
      reliability from THIS room's own rows (never the donor's) - elec_panel: donor HIGH -> HIGH (worst of ITM-0001 [HIGH], ITM-0002 [HIGH], ITM-0003 [HIGH], ITM-0004 [HIGH], ITM-0005 [HIGH], ITM-0006 [HIGH], ITM-0007 [HIGH], ITM-0008 [HIGH], ITM-0009 [HIGH], ITM-0010 [HIGH], ITM-0011 [HIGH], ITM-0012 [HIGH], ITM-0013 [HIGH])
      reliability from THIS room's own rows (never the donor's) - lv_phone_db: donor HIGH -> FLAGGED (worst of ITM-0028 [HIGH], ITM-0031 [FLAGGED])
      reliability from THIS room's own rows (never the donor's) - lv_tvdata: donor HIGH -> FLAGGED (worst of ITM-0027 [HIGH], ITM-0029 [HIGH], ITM-0030 [FLAGGED])
      reliability from THIS room's own rows (never the donor's) - mech_grille_bath: donor HIGH -> FLAGGED (worst of ITM-0062 [HIGH], ITM-0063 [HIGH], ITM-0064 [MEDIUM], ITM-0065 [FLAGGED], ITM-0066 [MEDIUM], ITM-0067 [HIGH], ITM-0068 [HIGH], ITM-0069 [MEDIUM], ITM-0070 [FLAGGED])
      reliability from THIS room's own rows (never the donor's) - mech_grille_rm: donor HIGH -> FLAGGED (worst of ITM-0053 [FLAGGED])
      reliability from THIS room's own rows (never the donor's) - mech_ptac: donor HIGH -> MEDIUM (worst of ITM-0152 [MEDIUM], ITM-0048 [HIGH], ITM-0052 [HIGH], ITM-0054 [HIGH], ITM-0055 [HIGH], ITM-0056 [MEDIUM], ITM-0057 [HIGH], ITM-0058 [HIGH], ITM-0061 [MEDIUM])
      reliability from THIS room's own rows (never the donor's) - mech_tstat: donor HIGH -> HIGH (worst of ITM-0018 [HIGH], ITM-0059 [HIGH], ITM-0060 [HIGH])
      reliability from THIS room's own rows (never the donor's) - plmb_fd_a: donor HIGH -> MEDIUM (worst of ITM-0046 [MEDIUM])
      reliability from THIS room's own rows (never the donor's) - plmb_ksink_a: donor HIGH -> FLAGGED (worst of ITM-0051 [FLAGGED])
      reliability from THIS room's own rows (never the donor's) - plmb_lavfaucet_a: donor HIGH -> FLAGGED (worst of ITM-0043 [HIGH], ITM-0044 [HIGH], ITM-0045 [FLAGGED])
      reliability from THIS room's own rows (never the donor's) - plmb_shower_a: donor HIGH -> HIGH (worst of ITM-0150 [HIGH])
      reliability from THIS room's own rows (never the donor's) - plmb_trapguard_a: donor HIGH -> MEDIUM (worst of ITM-0047 [MEDIUM])
      reliability from THIS room's own rows (never the donor's) - plmb_wc_a: donor HIGH -> FLAGGED (worst of ITM-0039 [HIGH], ITM-0042 [FLAGGED])
      placed by product identity: ITM-0150 -> plmb_shower_a (floor-1 variant slot, MEP_VARIANT_SLOTS - the placement build_floor1 used)
      placed by product identity: ITM-0151 -> plmb_shencl_a (floor-1 variant slot, MEP_VARIANT_SLOTS - the placement build_floor1 used)
      placed by product identity: ITM-0152 -> mech_ptac (floor-1 variant slot, MEP_VARIANT_SLOTS - the placement build_floor1 used)
      placed by product identity: ITM-0156 -> fp_heads_a (floor-1 variant slot, MEP_VARIANT_SLOTS - the placement build_floor1 used)
      placed by product identity: ITM-0157 -> fp_heads_a (floor-1 variant slot, MEP_VARIANT_SLOTS - the placement build_floor1 used)
      placed by product identity: ITM-0158 -> fp_heads_a (floor-1 variant slot, MEP_VARIANT_SLOTS - the placement build_floor1 used)

  RULINGS
    APPLIED  D20 on GR-202: the ruling RESTATES the fold (sqlite already draws 2) and changes nothing - room type "King Studio" is a King-family key, which is the set D20 was ruled on
    DECLINED D12 on GR-322 - the ruling is about tag GR-322 in FF&E - Casegoods, and what this room draws in that category is GR-301, GR-302, GR-304, GR-318, GR-319, GR-320, GR-321, GR-323, so the ruling has nothing here to act on
    APPLIED  ruled lines: dh_closer_a (D28), dh_lock_a (D28)
    DECLINED D29/bsq_a: out of scope for room 429 ("King Studio", rooms.accessible 0); build_floor1.mjs scopes it the same way and this tool copies the predicate

  FLAGS CARRIED (nothing resolved)
    FF&E 5 non-HIGH line(s): 905_a [FLAGGED] 905, gr318_a [FLAGGED] GR-318, gr323_a [FLAGGED] GR-323, hd03_a [MEDIUM] HD-03, hd08_a [MEDIUM] HD-08
    MEP  13 non-HIGH line(s): elec_lights [FLAGGED] <untagged>, elec_outlets [MEDIUM] <untagged>, lv_phone_db [FLAGGED] <untagged>, lv_tvdata [FLAGGED] <untagged>, mech_grille_bath [FLAGGED] EAG-50, mech_grille_rm [FLAGGED] <untagged>, mech_ptac [MEDIUM] PTAC-1, plmb_fd_a [MEDIUM] FD, plmb_ksink_a [FLAGGED] SK-3 / SK-4, plmb_lavfaucet_a [FLAGGED] —, plmb_shower_a [FLAGGED] SH-1 / SH-4, plmb_trapguard_a [MEDIUM] TP, plmb_wc_a [FLAGGED] WC-3 / WC-4
    fp_heads_a: 3 room-specific sprinkler head row(s) carried (ITM-0156, ITM-0157, ITM-0158); donor floor-1 head total removed; reliability HIGH
    mech_ptac: 1 unit row(s) ITM-0152; mark "PTAC-1"; reliability HIGH; donor's own-row resolution removed

  CONFLICTS TABLE (data/project.sqlite conflicts, OPEN entries only)
    5 open entr(y/ies) touch this room: A11 [cited by own row(s) ITM-0101]; B3.1 [marks L-2, L-3, L-4, SH-1, SH-4, SK-3, SK-4]; B4.2 [marks 905]; B4.5 [marks GR-318, GR-323]; B5.6 [marks W4, W5]
    carried as a FLAG on 6 line(s): 905_a (905 <- B4.2[905]); gr318_a (GR-318 <- B4.5[GR-318]); gr323_a (GR-323 <- B4.5[GR-323]); plmb_ksink_a (SK-3 + SK-4 <- B3.1[SK-3,SK-4]); plmb_lavfaucet_a (L-2 + L-3 + L-4 <- B3.1[L-2,L-3,L-4]); plmb_shower_a (SH-1 + SH-4 <- B3.1[SH-1,SH-4]); every one of them is also in room note n_conflicts
    room notes seeded: n_conflicts, n_gaps, n_gategaps, n_rulings, n_type, n_typearea

----------------------------------------------------------------------------------------------------
ROOM 430  QQ Extended  (6 key(s) of this type: 230, 232, 330, 332, 430, 432)
  doc type qq-extended / "QQ Extended"   sheets: plan A103; room sheet A555; bath A530
  FF&E : 42 lines   [151 raw rows -> 46 gated -> 40 after 6 folds, + 2 ruled FF&E line(s)]
  MEP  : 23 lines   [74 MEP rows; 9 rough-in left off the punch; 77 deleted history row(s) in 105-MEP not copied]
  gate : 31 row(s) dropped by Austin's approved category gate (Paint / Drywall / Flooring / Doors / Stone-Surround / Wall Covering / FF&E-Misc), same as every approved floor-1 room

  DONOR USAGE - LIVE room 105 (Queen-Queen)
    39 shared tag(s) took the donor's curated text: 901, 902, 903, 904, 905, <untagged>, GR-100, GR-101, GR-103, GR-200, GR-201, GR-203, GR-204, GR-205, GR-207, GR-208, GR-300, GR-302, GR-318, GR-321, GR-322, GR-400, GR-402, GR-402.1, GR-403, GR-500, GR-501, GR-502, GR-600, GR-600.1, GR-602, HD-03, HD-08, HD-12, HD-16, HD-18, HD-21, HD-22, kn 11
    1 tag(s) have NO live counterpart and ship from sqlite VERBATIM: GR-308 [FLAGGED]
    3 donor tag(s) not applicable to this type: DH-1, DH-2, GR-305
    1 RETIRED donor line(s) skipped - a tombstone is not a source
    label: <untagged>: donor label extends sqlite ("Garbage disposer - Moen MGXP33C") - donor text carried
    THE DONOR MAY ENRICH, NEVER LAUNDER:
      reliability KEPT from this room's own sqlite row over the donor's on 0 line(s)
      reliability RAISED on a ruling that closes the flag for the product on 2 line(s): 902_a (902): FLAGGED -> HIGH on the ruling closure carried in the donor text; u_ce20ab6281 (<untagged>): FLAGGED -> HIGH on the ruling closure carried in the donor text
      donor text DROPPED as a reading of the donor's own drawing on 0 line(s) (quoted on the line as not carried)
    MEP text donated from 105-MEP, written for sheet A555, re-cited onto A555 - SAME SHEET, so every citation stands verbatim and no number is re-judged. The ONE exception is the
      '.1' CONNECTING plan variant, which room_types identifies as the connecting plan and which is
      dropped wherever rooms.connecting = 0 - a shared sheet is not a shared connecting plan.
      CONNECTING plan reference(s) dropped on a NON-connecting room (rooms.connecting = 0), and the line
      says so: elec_outlets, elec_panel, elec_sink_sw, lv_tvdata, lv_wap
      2 condensed line(s) have no row of their own in this room (carried on the donor citation): fp_heads_a, plmb_hotcold_a
      FLOOR-WRONG CITATION - fp_heads_a: 1 dropped (A121); trimmed from the cited list A120
      FLOOR-WRONG CITATION - mech_ptac: kept on this room's own row(s) M301
      FLOOR-WRONG CITATION - mech_tstat: kept on this room's own row(s) M301
      FLOOR-WRONG CITATION - plmb_fd_a: kept on this room's own row(s) P301
      FLOOR-WRONG CITATION - plmb_hotcold_a: kept on this room's own row(s) P305
      FLOOR-WRONG CITATION - plmb_trapguard_a: kept on this room's own row(s) P301
      FLOOR-WRONG CITATION - plmb_wc_a: kept (building-wide table) A100
      reliability from THIS room's own rows (never the donor's) - elec_lights: donor HIGH -> FLAGGED (worst of ITM-0014 [HIGH], ITM-0022 [FLAGGED], ITM-0023 [HIGH], ITM-0024 [HIGH], ITM-0025 [FLAGGED])
      reliability from THIS room's own rows (never the donor's) - elec_outlets: donor HIGH -> MEDIUM (worst of ITM-0017 [HIGH], ITM-0019 [HIGH], ITM-0020 [HIGH], ITM-0021 [MEDIUM])
      reliability from THIS room's own rows (never the donor's) - elec_panel: donor HIGH -> HIGH (worst of ITM-0001 [HIGH], ITM-0002 [HIGH], ITM-0003 [HIGH], ITM-0004 [HIGH], ITM-0005 [HIGH], ITM-0006 [HIGH], ITM-0007 [HIGH], ITM-0008 [HIGH], ITM-0009 [HIGH], ITM-0010 [HIGH], ITM-0011 [HIGH], ITM-0012 [HIGH], ITM-0013 [HIGH])
      reliability from THIS room's own rows (never the donor's) - lv_phone_db: donor HIGH -> FLAGGED (worst of ITM-0028 [HIGH], ITM-0031 [FLAGGED])
      reliability from THIS room's own rows (never the donor's) - lv_tvdata: donor HIGH -> FLAGGED (worst of ITM-0027 [HIGH], ITM-0029 [HIGH], ITM-0030 [FLAGGED])
      reliability from THIS room's own rows (never the donor's) - mech_grille_bath: donor HIGH -> FLAGGED (worst of ITM-0062 [HIGH], ITM-0063 [HIGH], ITM-0064 [MEDIUM], ITM-0065 [FLAGGED], ITM-0066 [MEDIUM], ITM-0067 [HIGH], ITM-0068 [HIGH], ITM-0069 [MEDIUM], ITM-0070 [FLAGGED])
      reliability from THIS room's own rows (never the donor's) - mech_grille_rm: donor HIGH -> FLAGGED (worst of ITM-0053 [FLAGGED])
      reliability from THIS room's own rows (never the donor's) - mech_ptac: donor HIGH -> FLAGGED (worst of ITM-0547 [FLAGGED], ITM-0048 [HIGH], ITM-0052 [HIGH], ITM-0054 [HIGH], ITM-0055 [HIGH], ITM-0056 [MEDIUM], ITM-0057 [HIGH], ITM-0058 [HIGH], ITM-0061 [MEDIUM]; already moved to FLAGGED earlier in this build)
      reliability from THIS room's own rows (never the donor's) - mech_tstat: donor HIGH -> HIGH (worst of ITM-0018 [HIGH], ITM-0059 [HIGH], ITM-0060 [HIGH])
      reliability from THIS room's own rows (never the donor's) - plmb_fd_a: donor HIGH -> MEDIUM (worst of ITM-0046 [MEDIUM])
      reliability from THIS room's own rows (never the donor's) - plmb_ksink_a: donor HIGH -> FLAGGED (worst of ITM-0051 [FLAGGED])
      reliability from THIS room's own rows (never the donor's) - plmb_lavfaucet_a: donor HIGH -> FLAGGED (worst of ITM-0043 [HIGH], ITM-0044 [HIGH], ITM-0045 [FLAGGED])
      reliability from THIS room's own rows (never the donor's) - plmb_shower_a: donor HIGH -> HIGH (worst of ITM-0545 [HIGH])
      reliability from THIS room's own rows (never the donor's) - plmb_trapguard_a: donor HIGH -> MEDIUM (worst of ITM-0047 [MEDIUM])
      reliability from THIS room's own rows (never the donor's) - plmb_wc_a: donor HIGH -> FLAGGED (worst of ITM-0039 [HIGH], ITM-0042 [FLAGGED])
      placed by product identity: ITM-0545 -> plmb_shower_a (description is character-for-character donor row ITM-0441)
      placed by product identity: ITM-0546 -> plmb_shencl_a (description is character-for-character donor row ITM-0442)
      placed by product identity: ITM-0547 -> mech_ptac (description is character-for-character donor row ITM-0443/ITM-0052/ITM-0054/ITM-0055/ITM-0056/ITM-0057/ITM-0058/ITM-0061/ITM-0048)

  RULINGS
    APPLIED  D12 on GR-322: qty 1 -> 3, and the line note says so - this room tags the nightstand family once (GR-322 only) and carries 2 queen bed(s), which is exactly the case D12 was ruled on
    DECLINED D20 on GR-202 - the ruling is about tag GR-202 in FF&E - Lighting, and what this room draws in that category is GR-200, GR-201, GR-203, GR-204, GR-205, GR-207, GR-208, so the ruling has nothing here to act on
    APPLIED  ruled lines: dh_closer_a (D28), dh_lock_a (D28)
    DECLINED D29/bsq_a: out of scope for room 430 ("QQ Extended", rooms.accessible 0); build_floor1.mjs scopes it the same way and this tool copies the predicate
    D22: NO CORRECTION ON FLOOR 4 - the 4th Floor FF&E Installation tab does not reconcile; GR-308 carried as transcribed, OPEN for Austin - see room note n_d22

  FLAGS CARRIED (nothing resolved)
    FF&E 7 non-HIGH line(s): 905_a [FLAGGED] 905, gr300_a [FLAGGED] GR-300, gr308_a [FLAGGED] GR-308, gr318_a [FLAGGED] GR-318, gr322_a [FLAGGED] GR-322, hd03_a [MEDIUM] HD-03, hd08_a [MEDIUM] HD-08
    MEP  14 non-HIGH line(s): elec_lights [FLAGGED] <untagged>, elec_outlets [MEDIUM] <untagged>, fp_heads_a [MEDIUM] <untagged>, lv_phone_db [FLAGGED] <untagged>, lv_tvdata [FLAGGED] <untagged>, mech_grille_bath [FLAGGED] EAG-50, mech_grille_rm [FLAGGED] <untagged>, mech_ptac [FLAGGED] PTAC-2 / PTAC-1, plmb_fd_a [MEDIUM] FD, plmb_ksink_a [FLAGGED] SK-3 / SK-4, plmb_lavfaucet_a [FLAGGED] —, plmb_shower_a [FLAGGED] SH-1 / SH-4, plmb_trapguard_a [MEDIUM] TP, plmb_wc_a [FLAGGED] WC-3 / WC-4
    fp_heads_a: donor qty 3 NOT copied; donor mark "FP" NOT copied; line ships with no quantity and no mark, reliability MEDIUM, carrying PH-GU-001 verbatim; 3 donor FP-series citation segment(s) removed (floor-1 sheet, floor-1 total, rooms 107/108 verification) and replaced with PH-GU-001's own sheet list plus this room's floor (4)
    mech_ptac: 1 unit row(s) ITM-0547; mark "PTAC-2 / PTAC-1"; reliability FLAGGED; M401 detail 01 from this room's own row(s)

  CONFLICTS TABLE (data/project.sqlite conflicts, OPEN entries only)
    5 open entr(y/ies) touch this room: A11 [cited by own row(s) ITM-0105]; B3.1 [marks L-2, L-3, L-4, SH-1, SH-4, SK-3, SK-4]; B4.2 [marks 905]; B4.5 [marks GR-300, GR-308, GR-318, GR-322]; B5.6 [marks W4, W5]
    carried as a FLAG on 8 line(s): 905_a (905 <- B4.2[905]); gr300_a (GR-300 <- B4.5[GR-300]); gr308_a (GR-308 <- B4.5[GR-308]); gr318_a (GR-318 <- B4.5[GR-318]); gr322_a (GR-322 <- B4.5[GR-322]); plmb_ksink_a (SK-3 + SK-4 <- B3.1[SK-3,SK-4]); plmb_lavfaucet_a (L-2 + L-3 + L-4 <- B3.1[L-2,L-3,L-4]); plmb_shower_a (SH-1 + SH-4 <- B3.1[SH-1,SH-4]); every one of them is also in room note n_conflicts
    room notes seeded: n_conflicts, n_d22, n_dbroom, n_gaps, n_gategaps, n_rulings, n_type, n_typearea

----------------------------------------------------------------------------------------------------
ROOM 431  King Studio  (57 key(s) of this type: 104, 106, 108, 110, 112, 114, 204, 206, 208, 210, 212, 214, 216, 218, 222, 223, 224, 225, 226, 227, 229, 231, 233, 304, 306, 308, 310, 312, 314, 316, 318, 322, 323, 324, 325, 326, 327, 329, 331, 333, 404, 406, 408, 410, 412, 414, 416, 418, 422, 423, 424, 425, 426, 427, 429, 431, 433)
  doc type king-studio / "King Studio"   sheets: plan A103; room sheet A550; bath A530
  FF&E : 43 lines   [151 raw rows -> 43 gated -> 41 after 2 folds, + 2 ruled FF&E line(s)]
  MEP  : 23 lines   [77 MEP rows; 9 rough-in left off the punch; 0 deleted history row(s) in 104-MEP not copied]
  gate : 31 row(s) dropped by Austin's approved category gate (Paint / Drywall / Flooring / Doors / Stone-Surround / Wall Covering / FF&E-Misc), same as every approved floor-1 room

  DONOR USAGE - LIVE room 104 (King Studio)
    41 shared tag(s) took the donor's curated text: 901, 902, 903, 904, 905, <untagged>, GR-100, GR-101, GR-103, GR-200, GR-201, GR-202, GR-203, GR-204, GR-205, GR-301, GR-302, GR-304, GR-318, GR-319, GR-320, GR-321, GR-323, GR-400, GR-402, GR-402.1, GR-403, GR-500, GR-501, GR-502, GR-601, GR-601.1, GR-603, HD-03, HD-08, HD-12, HD-16, HD-18, HD-21, HD-22, kn 11
    0 tag(s) have NO live counterpart and ship from sqlite VERBATIM: none
    2 donor tag(s) not applicable to this type: DH-1, DH-2
    label: <untagged>: donor label extends sqlite ("Garbage disposer - Moen MGXP33C") - donor text carried
    THE DONOR MAY ENRICH, NEVER LAUNDER:
      reliability KEPT from this room's own sqlite row over the donor's on 0 line(s)
      reliability RAISED on a ruling that closes the flag for the product on 2 line(s): 902_a (902): FLAGGED -> HIGH on the ruling closure carried in the donor text; u_ce20ab6281 (<untagged>): FLAGGED -> HIGH on the ruling closure carried in the donor text
      donor text DROPPED as a reading of the donor's own drawing on 0 line(s) (quoted on the line as not carried)
    MEP text donated from 104-MEP, written for sheet A550, re-cited onto A550 - SAME SHEET, so every citation stands verbatim and no number is re-judged. The ONE exception is the
      '.1' CONNECTING plan variant, which room_types identifies as the connecting plan and which is
      dropped wherever rooms.connecting = 0 - a shared sheet is not a shared connecting plan.
      8 donor line(s) carried the DONOR's own re-point note (a fact about room 104, not this room); removed and replaced with this room's own: elec_outlets, elec_panel, elec_sink_sw, fp_smoke_a, lv_tvdata, lv_wap, mech_tstat, plmb_shower_a
      1 condensed line(s) have no row of their own in this room (carried on the donor citation): plmb_hotcold_a
      FLOOR-WRONG CITATION - fp_heads_a: 1 dropped (A121); trimmed from the cited list A120
      FLOOR-WRONG CITATION - mech_ptac: kept on this room's own row(s) M301
      FLOOR-WRONG CITATION - mech_tstat: kept on this room's own row(s) M301
      FLOOR-WRONG CITATION - plmb_fd_a: kept on this room's own row(s) P301
      FLOOR-WRONG CITATION - plmb_hotcold_a: kept on this room's own row(s) P305
      FLOOR-WRONG CITATION - plmb_trapguard_a: kept on this room's own row(s) P301
      FLOOR-WRONG CITATION - plmb_wc_a: kept (building-wide table) A100
      reliability from THIS room's own rows (never the donor's) - elec_lights: donor HIGH -> FLAGGED (worst of ITM-0014 [HIGH], ITM-0022 [FLAGGED], ITM-0023 [HIGH], ITM-0024 [HIGH], ITM-0025 [FLAGGED])
      reliability from THIS room's own rows (never the donor's) - elec_outlets: donor HIGH -> MEDIUM (worst of ITM-0017 [HIGH], ITM-0019 [HIGH], ITM-0020 [HIGH], ITM-0021 [MEDIUM])
      reliability from THIS room's own rows (never the donor's) - elec_panel: donor HIGH -> HIGH (worst of ITM-0001 [HIGH], ITM-0002 [HIGH], ITM-0003 [HIGH], ITM-0004 [HIGH], ITM-0005 [HIGH], ITM-0006 [HIGH], ITM-0007 [HIGH], ITM-0008 [HIGH], ITM-0009 [HIGH], ITM-0010 [HIGH], ITM-0011 [HIGH], ITM-0012 [HIGH], ITM-0013 [HIGH])
      reliability from THIS room's own rows (never the donor's) - lv_phone_db: donor HIGH -> FLAGGED (worst of ITM-0028 [HIGH], ITM-0031 [FLAGGED])
      reliability from THIS room's own rows (never the donor's) - lv_tvdata: donor HIGH -> FLAGGED (worst of ITM-0027 [HIGH], ITM-0029 [HIGH], ITM-0030 [FLAGGED])
      reliability from THIS room's own rows (never the donor's) - mech_grille_bath: donor HIGH -> FLAGGED (worst of ITM-0062 [HIGH], ITM-0063 [HIGH], ITM-0064 [MEDIUM], ITM-0065 [FLAGGED], ITM-0066 [MEDIUM], ITM-0067 [HIGH], ITM-0068 [HIGH], ITM-0069 [MEDIUM], ITM-0070 [FLAGGED])
      reliability from THIS room's own rows (never the donor's) - mech_grille_rm: donor HIGH -> FLAGGED (worst of ITM-0053 [FLAGGED])
      reliability from THIS room's own rows (never the donor's) - mech_ptac: donor HIGH -> MEDIUM (worst of ITM-0152 [MEDIUM], ITM-0048 [HIGH], ITM-0052 [HIGH], ITM-0054 [HIGH], ITM-0055 [HIGH], ITM-0056 [MEDIUM], ITM-0057 [HIGH], ITM-0058 [HIGH], ITM-0061 [MEDIUM])
      reliability from THIS room's own rows (never the donor's) - mech_tstat: donor HIGH -> HIGH (worst of ITM-0018 [HIGH], ITM-0059 [HIGH], ITM-0060 [HIGH])
      reliability from THIS room's own rows (never the donor's) - plmb_fd_a: donor HIGH -> MEDIUM (worst of ITM-0046 [MEDIUM])
      reliability from THIS room's own rows (never the donor's) - plmb_ksink_a: donor HIGH -> FLAGGED (worst of ITM-0051 [FLAGGED])
      reliability from THIS room's own rows (never the donor's) - plmb_lavfaucet_a: donor HIGH -> FLAGGED (worst of ITM-0043 [HIGH], ITM-0044 [HIGH], ITM-0045 [FLAGGED])
      reliability from THIS room's own rows (never the donor's) - plmb_shower_a: donor HIGH -> HIGH (worst of ITM-0150 [HIGH])
      reliability from THIS room's own rows (never the donor's) - plmb_trapguard_a: donor HIGH -> MEDIUM (worst of ITM-0047 [MEDIUM])
      reliability from THIS room's own rows (never the donor's) - plmb_wc_a: donor HIGH -> FLAGGED (worst of ITM-0039 [HIGH], ITM-0042 [FLAGGED])
      placed by product identity: ITM-0150 -> plmb_shower_a (floor-1 variant slot, MEP_VARIANT_SLOTS - the placement build_floor1 used)
      placed by product identity: ITM-0151 -> plmb_shencl_a (floor-1 variant slot, MEP_VARIANT_SLOTS - the placement build_floor1 used)
      placed by product identity: ITM-0152 -> mech_ptac (floor-1 variant slot, MEP_VARIANT_SLOTS - the placement build_floor1 used)
      placed by product identity: ITM-0156 -> fp_heads_a (floor-1 variant slot, MEP_VARIANT_SLOTS - the placement build_floor1 used)
      placed by product identity: ITM-0157 -> fp_heads_a (floor-1 variant slot, MEP_VARIANT_SLOTS - the placement build_floor1 used)
      placed by product identity: ITM-0158 -> fp_heads_a (floor-1 variant slot, MEP_VARIANT_SLOTS - the placement build_floor1 used)

  RULINGS
    APPLIED  D20 on GR-202: the ruling RESTATES the fold (sqlite already draws 2) and changes nothing - room type "King Studio" is a King-family key, which is the set D20 was ruled on
    DECLINED D12 on GR-322 - the ruling is about tag GR-322 in FF&E - Casegoods, and what this room draws in that category is GR-301, GR-302, GR-304, GR-318, GR-319, GR-320, GR-321, GR-323, so the ruling has nothing here to act on
    APPLIED  ruled lines: dh_closer_a (D28), dh_lock_a (D28)
    DECLINED D29/bsq_a: out of scope for room 431 ("King Studio", rooms.accessible 0); build_floor1.mjs scopes it the same way and this tool copies the predicate

  FLAGS CARRIED (nothing resolved)
    FF&E 5 non-HIGH line(s): 905_a [FLAGGED] 905, gr318_a [FLAGGED] GR-318, gr323_a [FLAGGED] GR-323, hd03_a [MEDIUM] HD-03, hd08_a [MEDIUM] HD-08
    MEP  13 non-HIGH line(s): elec_lights [FLAGGED] <untagged>, elec_outlets [MEDIUM] <untagged>, lv_phone_db [FLAGGED] <untagged>, lv_tvdata [FLAGGED] <untagged>, mech_grille_bath [FLAGGED] EAG-50, mech_grille_rm [FLAGGED] <untagged>, mech_ptac [MEDIUM] PTAC-1, plmb_fd_a [MEDIUM] FD, plmb_ksink_a [FLAGGED] SK-3 / SK-4, plmb_lavfaucet_a [FLAGGED] —, plmb_shower_a [FLAGGED] SH-1 / SH-4, plmb_trapguard_a [MEDIUM] TP, plmb_wc_a [FLAGGED] WC-3 / WC-4
    fp_heads_a: 3 room-specific sprinkler head row(s) carried (ITM-0156, ITM-0157, ITM-0158); donor floor-1 head total removed; reliability HIGH
    mech_ptac: 1 unit row(s) ITM-0152; mark "PTAC-1"; reliability HIGH; donor's own-row resolution removed

  CONFLICTS TABLE (data/project.sqlite conflicts, OPEN entries only)
    5 open entr(y/ies) touch this room: A11 [cited by own row(s) ITM-0101]; B3.1 [marks L-2, L-3, L-4, SH-1, SH-4, SK-3, SK-4]; B4.2 [marks 905]; B4.5 [marks GR-318, GR-323]; B5.6 [marks W4, W5]
    carried as a FLAG on 6 line(s): 905_a (905 <- B4.2[905]); gr318_a (GR-318 <- B4.5[GR-318]); gr323_a (GR-323 <- B4.5[GR-323]); plmb_ksink_a (SK-3 + SK-4 <- B3.1[SK-3,SK-4]); plmb_lavfaucet_a (L-2 + L-3 + L-4 <- B3.1[L-2,L-3,L-4]); plmb_shower_a (SH-1 + SH-4 <- B3.1[SH-1,SH-4]); every one of them is also in room note n_conflicts
    room notes seeded: n_conflicts, n_gaps, n_gategaps, n_rulings, n_type, n_typearea

----------------------------------------------------------------------------------------------------
ROOM 432  QQ Extended  (6 key(s) of this type: 230, 232, 330, 332, 430, 432)
  doc type qq-extended / "QQ Extended"   sheets: plan A103; room sheet A555; bath A530
  FF&E : 42 lines   [151 raw rows -> 46 gated -> 40 after 6 folds, + 2 ruled FF&E line(s)]
  MEP  : 23 lines   [74 MEP rows; 9 rough-in left off the punch; 77 deleted history row(s) in 105-MEP not copied]
  gate : 31 row(s) dropped by Austin's approved category gate (Paint / Drywall / Flooring / Doors / Stone-Surround / Wall Covering / FF&E-Misc), same as every approved floor-1 room

  DONOR USAGE - LIVE room 105 (Queen-Queen)
    39 shared tag(s) took the donor's curated text: 901, 902, 903, 904, 905, <untagged>, GR-100, GR-101, GR-103, GR-200, GR-201, GR-203, GR-204, GR-205, GR-207, GR-208, GR-300, GR-302, GR-318, GR-321, GR-322, GR-400, GR-402, GR-402.1, GR-403, GR-500, GR-501, GR-502, GR-600, GR-600.1, GR-602, HD-03, HD-08, HD-12, HD-16, HD-18, HD-21, HD-22, kn 11
    1 tag(s) have NO live counterpart and ship from sqlite VERBATIM: GR-308 [FLAGGED]
    3 donor tag(s) not applicable to this type: DH-1, DH-2, GR-305
    1 RETIRED donor line(s) skipped - a tombstone is not a source
    label: <untagged>: donor label extends sqlite ("Garbage disposer - Moen MGXP33C") - donor text carried
    THE DONOR MAY ENRICH, NEVER LAUNDER:
      reliability KEPT from this room's own sqlite row over the donor's on 0 line(s)
      reliability RAISED on a ruling that closes the flag for the product on 2 line(s): 902_a (902): FLAGGED -> HIGH on the ruling closure carried in the donor text; u_ce20ab6281 (<untagged>): FLAGGED -> HIGH on the ruling closure carried in the donor text
      donor text DROPPED as a reading of the donor's own drawing on 0 line(s) (quoted on the line as not carried)
    MEP text donated from 105-MEP, written for sheet A555, re-cited onto A555 - SAME SHEET, so every citation stands verbatim and no number is re-judged. The ONE exception is the
      '.1' CONNECTING plan variant, which room_types identifies as the connecting plan and which is
      dropped wherever rooms.connecting = 0 - a shared sheet is not a shared connecting plan.
      CONNECTING plan reference(s) dropped on a NON-connecting room (rooms.connecting = 0), and the line
      says so: elec_outlets, elec_panel, elec_sink_sw, lv_tvdata, lv_wap
      2 condensed line(s) have no row of their own in this room (carried on the donor citation): fp_heads_a, plmb_hotcold_a
      FLOOR-WRONG CITATION - fp_heads_a: 1 dropped (A121); trimmed from the cited list A120
      FLOOR-WRONG CITATION - mech_ptac: kept on this room's own row(s) M301
      FLOOR-WRONG CITATION - mech_tstat: kept on this room's own row(s) M301
      FLOOR-WRONG CITATION - plmb_fd_a: kept on this room's own row(s) P301
      FLOOR-WRONG CITATION - plmb_hotcold_a: kept on this room's own row(s) P305
      FLOOR-WRONG CITATION - plmb_trapguard_a: kept on this room's own row(s) P301
      FLOOR-WRONG CITATION - plmb_wc_a: kept (building-wide table) A100
      reliability from THIS room's own rows (never the donor's) - elec_lights: donor HIGH -> FLAGGED (worst of ITM-0014 [HIGH], ITM-0022 [FLAGGED], ITM-0023 [HIGH], ITM-0024 [HIGH], ITM-0025 [FLAGGED])
      reliability from THIS room's own rows (never the donor's) - elec_outlets: donor HIGH -> MEDIUM (worst of ITM-0017 [HIGH], ITM-0019 [HIGH], ITM-0020 [HIGH], ITM-0021 [MEDIUM])
      reliability from THIS room's own rows (never the donor's) - elec_panel: donor HIGH -> HIGH (worst of ITM-0001 [HIGH], ITM-0002 [HIGH], ITM-0003 [HIGH], ITM-0004 [HIGH], ITM-0005 [HIGH], ITM-0006 [HIGH], ITM-0007 [HIGH], ITM-0008 [HIGH], ITM-0009 [HIGH], ITM-0010 [HIGH], ITM-0011 [HIGH], ITM-0012 [HIGH], ITM-0013 [HIGH])
      reliability from THIS room's own rows (never the donor's) - lv_phone_db: donor HIGH -> FLAGGED (worst of ITM-0028 [HIGH], ITM-0031 [FLAGGED])
      reliability from THIS room's own rows (never the donor's) - lv_tvdata: donor HIGH -> FLAGGED (worst of ITM-0027 [HIGH], ITM-0029 [HIGH], ITM-0030 [FLAGGED])
      reliability from THIS room's own rows (never the donor's) - mech_grille_bath: donor HIGH -> FLAGGED (worst of ITM-0062 [HIGH], ITM-0063 [HIGH], ITM-0064 [MEDIUM], ITM-0065 [FLAGGED], ITM-0066 [MEDIUM], ITM-0067 [HIGH], ITM-0068 [HIGH], ITM-0069 [MEDIUM], ITM-0070 [FLAGGED])
      reliability from THIS room's own rows (never the donor's) - mech_grille_rm: donor HIGH -> FLAGGED (worst of ITM-0053 [FLAGGED])
      reliability from THIS room's own rows (never the donor's) - mech_ptac: donor HIGH -> FLAGGED (worst of ITM-0547 [FLAGGED], ITM-0048 [HIGH], ITM-0052 [HIGH], ITM-0054 [HIGH], ITM-0055 [HIGH], ITM-0056 [MEDIUM], ITM-0057 [HIGH], ITM-0058 [HIGH], ITM-0061 [MEDIUM]; already moved to FLAGGED earlier in this build)
      reliability from THIS room's own rows (never the donor's) - mech_tstat: donor HIGH -> HIGH (worst of ITM-0018 [HIGH], ITM-0059 [HIGH], ITM-0060 [HIGH])
      reliability from THIS room's own rows (never the donor's) - plmb_fd_a: donor HIGH -> MEDIUM (worst of ITM-0046 [MEDIUM])
      reliability from THIS room's own rows (never the donor's) - plmb_ksink_a: donor HIGH -> FLAGGED (worst of ITM-0051 [FLAGGED])
      reliability from THIS room's own rows (never the donor's) - plmb_lavfaucet_a: donor HIGH -> FLAGGED (worst of ITM-0043 [HIGH], ITM-0044 [HIGH], ITM-0045 [FLAGGED])
      reliability from THIS room's own rows (never the donor's) - plmb_shower_a: donor HIGH -> HIGH (worst of ITM-0545 [HIGH])
      reliability from THIS room's own rows (never the donor's) - plmb_trapguard_a: donor HIGH -> MEDIUM (worst of ITM-0047 [MEDIUM])
      reliability from THIS room's own rows (never the donor's) - plmb_wc_a: donor HIGH -> FLAGGED (worst of ITM-0039 [HIGH], ITM-0042 [FLAGGED])
      placed by product identity: ITM-0545 -> plmb_shower_a (description is character-for-character donor row ITM-0441)
      placed by product identity: ITM-0546 -> plmb_shencl_a (description is character-for-character donor row ITM-0442)
      placed by product identity: ITM-0547 -> mech_ptac (description is character-for-character donor row ITM-0443/ITM-0052/ITM-0054/ITM-0055/ITM-0056/ITM-0057/ITM-0058/ITM-0061/ITM-0048)

  RULINGS
    APPLIED  D12 on GR-322: qty 1 -> 3, and the line note says so - this room tags the nightstand family once (GR-322 only) and carries 2 queen bed(s), which is exactly the case D12 was ruled on
    DECLINED D20 on GR-202 - the ruling is about tag GR-202 in FF&E - Lighting, and what this room draws in that category is GR-200, GR-201, GR-203, GR-204, GR-205, GR-207, GR-208, so the ruling has nothing here to act on
    APPLIED  ruled lines: dh_closer_a (D28), dh_lock_a (D28)
    DECLINED D29/bsq_a: out of scope for room 432 ("QQ Extended", rooms.accessible 0); build_floor1.mjs scopes it the same way and this tool copies the predicate
    D22: NO CORRECTION ON FLOOR 4 - the 4th Floor FF&E Installation tab does not reconcile; GR-308 carried as transcribed, OPEN for Austin - see room note n_d22

  FLAGS CARRIED (nothing resolved)
    FF&E 7 non-HIGH line(s): 905_a [FLAGGED] 905, gr300_a [FLAGGED] GR-300, gr308_a [FLAGGED] GR-308, gr318_a [FLAGGED] GR-318, gr322_a [FLAGGED] GR-322, hd03_a [MEDIUM] HD-03, hd08_a [MEDIUM] HD-08
    MEP  14 non-HIGH line(s): elec_lights [FLAGGED] <untagged>, elec_outlets [MEDIUM] <untagged>, fp_heads_a [MEDIUM] <untagged>, lv_phone_db [FLAGGED] <untagged>, lv_tvdata [FLAGGED] <untagged>, mech_grille_bath [FLAGGED] EAG-50, mech_grille_rm [FLAGGED] <untagged>, mech_ptac [FLAGGED] PTAC-2 / PTAC-1, plmb_fd_a [MEDIUM] FD, plmb_ksink_a [FLAGGED] SK-3 / SK-4, plmb_lavfaucet_a [FLAGGED] —, plmb_shower_a [FLAGGED] SH-1 / SH-4, plmb_trapguard_a [MEDIUM] TP, plmb_wc_a [FLAGGED] WC-3 / WC-4
    fp_heads_a: donor qty 3 NOT copied; donor mark "FP" NOT copied; line ships with no quantity and no mark, reliability MEDIUM, carrying PH-GU-001 verbatim; 3 donor FP-series citation segment(s) removed (floor-1 sheet, floor-1 total, rooms 107/108 verification) and replaced with PH-GU-001's own sheet list plus this room's floor (4)
    mech_ptac: 1 unit row(s) ITM-0547; mark "PTAC-2 / PTAC-1"; reliability FLAGGED; M401 detail 01 from this room's own row(s)

  CONFLICTS TABLE (data/project.sqlite conflicts, OPEN entries only)
    5 open entr(y/ies) touch this room: A11 [cited by own row(s) ITM-0105]; B3.1 [marks L-2, L-3, L-4, SH-1, SH-4, SK-3, SK-4]; B4.2 [marks 905]; B4.5 [marks GR-300, GR-308, GR-318, GR-322]; B5.6 [marks W4, W5]
    carried as a FLAG on 8 line(s): 905_a (905 <- B4.2[905]); gr300_a (GR-300 <- B4.5[GR-300]); gr308_a (GR-308 <- B4.5[GR-308]); gr318_a (GR-318 <- B4.5[GR-318]); gr322_a (GR-322 <- B4.5[GR-322]); plmb_ksink_a (SK-3 + SK-4 <- B3.1[SK-3,SK-4]); plmb_lavfaucet_a (L-2 + L-3 + L-4 <- B3.1[L-2,L-3,L-4]); plmb_shower_a (SH-1 + SH-4 <- B3.1[SH-1,SH-4]); every one of them is also in room note n_conflicts
    room notes seeded: n_conflicts, n_d22, n_dbroom, n_gaps, n_gategaps, n_rulings, n_type, n_typearea

----------------------------------------------------------------------------------------------------
ROOM 433  King Studio  (57 key(s) of this type: 104, 106, 108, 110, 112, 114, 204, 206, 208, 210, 212, 214, 216, 218, 222, 223, 224, 225, 226, 227, 229, 231, 233, 304, 306, 308, 310, 312, 314, 316, 318, 322, 323, 324, 325, 326, 327, 329, 331, 333, 404, 406, 408, 410, 412, 414, 416, 418, 422, 423, 424, 425, 426, 427, 429, 431, 433)
  doc type king-studio / "King Studio"   sheets: plan A103; room sheet A550; bath A530
  FF&E : 43 lines   [151 raw rows -> 43 gated -> 41 after 2 folds, + 2 ruled FF&E line(s)]
  MEP  : 23 lines   [77 MEP rows; 9 rough-in left off the punch; 0 deleted history row(s) in 104-MEP not copied]
  gate : 31 row(s) dropped by Austin's approved category gate (Paint / Drywall / Flooring / Doors / Stone-Surround / Wall Covering / FF&E-Misc), same as every approved floor-1 room

  DONOR USAGE - LIVE room 104 (King Studio)
    41 shared tag(s) took the donor's curated text: 901, 902, 903, 904, 905, <untagged>, GR-100, GR-101, GR-103, GR-200, GR-201, GR-202, GR-203, GR-204, GR-205, GR-301, GR-302, GR-304, GR-318, GR-319, GR-320, GR-321, GR-323, GR-400, GR-402, GR-402.1, GR-403, GR-500, GR-501, GR-502, GR-601, GR-601.1, GR-603, HD-03, HD-08, HD-12, HD-16, HD-18, HD-21, HD-22, kn 11
    0 tag(s) have NO live counterpart and ship from sqlite VERBATIM: none
    2 donor tag(s) not applicable to this type: DH-1, DH-2
    label: <untagged>: donor label extends sqlite ("Garbage disposer - Moen MGXP33C") - donor text carried
    THE DONOR MAY ENRICH, NEVER LAUNDER:
      reliability KEPT from this room's own sqlite row over the donor's on 0 line(s)
      reliability RAISED on a ruling that closes the flag for the product on 2 line(s): 902_a (902): FLAGGED -> HIGH on the ruling closure carried in the donor text; u_ce20ab6281 (<untagged>): FLAGGED -> HIGH on the ruling closure carried in the donor text
      donor text DROPPED as a reading of the donor's own drawing on 0 line(s) (quoted on the line as not carried)
    MEP text donated from 104-MEP, written for sheet A550, re-cited onto A550 - SAME SHEET, so every citation stands verbatim and no number is re-judged. The ONE exception is the
      '.1' CONNECTING plan variant, which room_types identifies as the connecting plan and which is
      dropped wherever rooms.connecting = 0 - a shared sheet is not a shared connecting plan.
      8 donor line(s) carried the DONOR's own re-point note (a fact about room 104, not this room); removed and replaced with this room's own: elec_outlets, elec_panel, elec_sink_sw, fp_smoke_a, lv_tvdata, lv_wap, mech_tstat, plmb_shower_a
      1 condensed line(s) have no row of their own in this room (carried on the donor citation): plmb_hotcold_a
      FLOOR-WRONG CITATION - fp_heads_a: 1 dropped (A121); trimmed from the cited list A120
      FLOOR-WRONG CITATION - mech_ptac: kept on this room's own row(s) M301
      FLOOR-WRONG CITATION - mech_tstat: kept on this room's own row(s) M301
      FLOOR-WRONG CITATION - plmb_fd_a: kept on this room's own row(s) P301
      FLOOR-WRONG CITATION - plmb_hotcold_a: kept on this room's own row(s) P305
      FLOOR-WRONG CITATION - plmb_trapguard_a: kept on this room's own row(s) P301
      FLOOR-WRONG CITATION - plmb_wc_a: kept (building-wide table) A100
      reliability from THIS room's own rows (never the donor's) - elec_lights: donor HIGH -> FLAGGED (worst of ITM-0014 [HIGH], ITM-0022 [FLAGGED], ITM-0023 [HIGH], ITM-0024 [HIGH], ITM-0025 [FLAGGED])
      reliability from THIS room's own rows (never the donor's) - elec_outlets: donor HIGH -> MEDIUM (worst of ITM-0017 [HIGH], ITM-0019 [HIGH], ITM-0020 [HIGH], ITM-0021 [MEDIUM])
      reliability from THIS room's own rows (never the donor's) - elec_panel: donor HIGH -> HIGH (worst of ITM-0001 [HIGH], ITM-0002 [HIGH], ITM-0003 [HIGH], ITM-0004 [HIGH], ITM-0005 [HIGH], ITM-0006 [HIGH], ITM-0007 [HIGH], ITM-0008 [HIGH], ITM-0009 [HIGH], ITM-0010 [HIGH], ITM-0011 [HIGH], ITM-0012 [HIGH], ITM-0013 [HIGH])
      reliability from THIS room's own rows (never the donor's) - lv_phone_db: donor HIGH -> FLAGGED (worst of ITM-0028 [HIGH], ITM-0031 [FLAGGED])
      reliability from THIS room's own rows (never the donor's) - lv_tvdata: donor HIGH -> FLAGGED (worst of ITM-0027 [HIGH], ITM-0029 [HIGH], ITM-0030 [FLAGGED])
      reliability from THIS room's own rows (never the donor's) - mech_grille_bath: donor HIGH -> FLAGGED (worst of ITM-0062 [HIGH], ITM-0063 [HIGH], ITM-0064 [MEDIUM], ITM-0065 [FLAGGED], ITM-0066 [MEDIUM], ITM-0067 [HIGH], ITM-0068 [HIGH], ITM-0069 [MEDIUM], ITM-0070 [FLAGGED])
      reliability from THIS room's own rows (never the donor's) - mech_grille_rm: donor HIGH -> FLAGGED (worst of ITM-0053 [FLAGGED])
      reliability from THIS room's own rows (never the donor's) - mech_ptac: donor HIGH -> MEDIUM (worst of ITM-0152 [MEDIUM], ITM-0048 [HIGH], ITM-0052 [HIGH], ITM-0054 [HIGH], ITM-0055 [HIGH], ITM-0056 [MEDIUM], ITM-0057 [HIGH], ITM-0058 [HIGH], ITM-0061 [MEDIUM])
      reliability from THIS room's own rows (never the donor's) - mech_tstat: donor HIGH -> HIGH (worst of ITM-0018 [HIGH], ITM-0059 [HIGH], ITM-0060 [HIGH])
      reliability from THIS room's own rows (never the donor's) - plmb_fd_a: donor HIGH -> MEDIUM (worst of ITM-0046 [MEDIUM])
      reliability from THIS room's own rows (never the donor's) - plmb_ksink_a: donor HIGH -> FLAGGED (worst of ITM-0051 [FLAGGED])
      reliability from THIS room's own rows (never the donor's) - plmb_lavfaucet_a: donor HIGH -> FLAGGED (worst of ITM-0043 [HIGH], ITM-0044 [HIGH], ITM-0045 [FLAGGED])
      reliability from THIS room's own rows (never the donor's) - plmb_shower_a: donor HIGH -> HIGH (worst of ITM-0150 [HIGH])
      reliability from THIS room's own rows (never the donor's) - plmb_trapguard_a: donor HIGH -> MEDIUM (worst of ITM-0047 [MEDIUM])
      reliability from THIS room's own rows (never the donor's) - plmb_wc_a: donor HIGH -> FLAGGED (worst of ITM-0039 [HIGH], ITM-0042 [FLAGGED])
      placed by product identity: ITM-0150 -> plmb_shower_a (floor-1 variant slot, MEP_VARIANT_SLOTS - the placement build_floor1 used)
      placed by product identity: ITM-0151 -> plmb_shencl_a (floor-1 variant slot, MEP_VARIANT_SLOTS - the placement build_floor1 used)
      placed by product identity: ITM-0152 -> mech_ptac (floor-1 variant slot, MEP_VARIANT_SLOTS - the placement build_floor1 used)
      placed by product identity: ITM-0156 -> fp_heads_a (floor-1 variant slot, MEP_VARIANT_SLOTS - the placement build_floor1 used)
      placed by product identity: ITM-0157 -> fp_heads_a (floor-1 variant slot, MEP_VARIANT_SLOTS - the placement build_floor1 used)
      placed by product identity: ITM-0158 -> fp_heads_a (floor-1 variant slot, MEP_VARIANT_SLOTS - the placement build_floor1 used)

  RULINGS
    APPLIED  D20 on GR-202: the ruling RESTATES the fold (sqlite already draws 2) and changes nothing - room type "King Studio" is a King-family key, which is the set D20 was ruled on
    DECLINED D12 on GR-322 - the ruling is about tag GR-322 in FF&E - Casegoods, and what this room draws in that category is GR-301, GR-302, GR-304, GR-318, GR-319, GR-320, GR-321, GR-323, so the ruling has nothing here to act on
    APPLIED  ruled lines: dh_closer_a (D28), dh_lock_a (D28)
    DECLINED D29/bsq_a: out of scope for room 433 ("King Studio", rooms.accessible 0); build_floor1.mjs scopes it the same way and this tool copies the predicate

  FLAGS CARRIED (nothing resolved)
    FF&E 5 non-HIGH line(s): 905_a [FLAGGED] 905, gr318_a [FLAGGED] GR-318, gr323_a [FLAGGED] GR-323, hd03_a [MEDIUM] HD-03, hd08_a [MEDIUM] HD-08
    MEP  13 non-HIGH line(s): elec_lights [FLAGGED] <untagged>, elec_outlets [MEDIUM] <untagged>, lv_phone_db [FLAGGED] <untagged>, lv_tvdata [FLAGGED] <untagged>, mech_grille_bath [FLAGGED] EAG-50, mech_grille_rm [FLAGGED] <untagged>, mech_ptac [MEDIUM] PTAC-1, plmb_fd_a [MEDIUM] FD, plmb_ksink_a [FLAGGED] SK-3 / SK-4, plmb_lavfaucet_a [FLAGGED] —, plmb_shower_a [FLAGGED] SH-1 / SH-4, plmb_trapguard_a [MEDIUM] TP, plmb_wc_a [FLAGGED] WC-3 / WC-4
    fp_heads_a: 3 room-specific sprinkler head row(s) carried (ITM-0156, ITM-0157, ITM-0158); donor floor-1 head total removed; reliability HIGH
    mech_ptac: 1 unit row(s) ITM-0152; mark "PTAC-1"; reliability HIGH; donor's own-row resolution removed

  CONFLICTS TABLE (data/project.sqlite conflicts, OPEN entries only)
    5 open entr(y/ies) touch this room: A11 [cited by own row(s) ITM-0101]; B3.1 [marks L-2, L-3, L-4, SH-1, SH-4, SK-3, SK-4]; B4.2 [marks 905]; B4.5 [marks GR-318, GR-323]; B5.6 [marks W4, W5]
    carried as a FLAG on 6 line(s): 905_a (905 <- B4.2[905]); gr318_a (GR-318 <- B4.5[GR-318]); gr323_a (GR-323 <- B4.5[GR-323]); plmb_ksink_a (SK-3 + SK-4 <- B3.1[SK-3,SK-4]); plmb_lavfaucet_a (L-2 + L-3 + L-4 <- B3.1[L-2,L-3,L-4]); plmb_shower_a (SH-1 + SH-4 <- B3.1[SH-1,SH-4]); every one of them is also in room note n_conflicts
    room notes seeded: n_conflicts, n_gaps, n_gategaps, n_rulings, n_type, n_typearea

----------------------------------------------------------------------------------------------------
ROOM 434  Queen-Queen  (31 key(s) of this type: 105, 107, 109, 111, 113, 115, 203, 205, 207, 209, 211, 213, 228, 234, 303, 305, 307, 309, 311, 313, 315, 328, 334, 405, 407, 409, 411, 413, 415, 428, 434)
  doc type queen-queen / "Queen-Queen"   sheets: plan A103; room sheet A555; bath A530
  FF&E : 42 lines   [154 raw rows -> 46 gated -> 40 after 6 folds, + 2 ruled FF&E line(s)]
  MEP  : 23 lines   [77 MEP rows; 9 rough-in left off the punch; 77 deleted history row(s) in 105-MEP not copied]
  gate : 31 row(s) dropped by Austin's approved category gate (Paint / Drywall / Flooring / Doors / Stone-Surround / Wall Covering / FF&E-Misc), same as every approved floor-1 room

  DONOR USAGE - LIVE room 105 (Queen-Queen)
    39 shared tag(s) took the donor's curated text: 901, 902, 903, 904, 905, <untagged>, GR-100, GR-101, GR-103, GR-200, GR-201, GR-203, GR-204, GR-205, GR-207, GR-208, GR-300, GR-302, GR-318, GR-321, GR-322, GR-400, GR-402, GR-402.1, GR-403, GR-500, GR-501, GR-502, GR-600, GR-600.1, GR-602, HD-03, HD-08, HD-12, HD-16, HD-18, HD-21, HD-22, kn 11
    1 tag(s) have NO live counterpart and ship from sqlite VERBATIM: GR-308 [FLAGGED]
    3 donor tag(s) not applicable to this type: DH-1, DH-2, GR-305
    1 RETIRED donor line(s) skipped - a tombstone is not a source
    label: <untagged>: donor label extends sqlite ("Garbage disposer - Moen MGXP33C") - donor text carried
    THE DONOR MAY ENRICH, NEVER LAUNDER:
      reliability KEPT from this room's own sqlite row over the donor's on 0 line(s)
      reliability RAISED on a ruling that closes the flag for the product on 2 line(s): 902_a (902): FLAGGED -> HIGH on the ruling closure carried in the donor text; u_ce20ab6281 (<untagged>): FLAGGED -> HIGH on the ruling closure carried in the donor text
      donor text DROPPED as a reading of the donor's own drawing on 0 line(s) (quoted on the line as not carried)
    MEP text donated from 105-MEP, written for sheet A555, re-cited onto A555 - SAME SHEET, so every citation stands verbatim and no number is re-judged. The ONE exception is the
      '.1' CONNECTING plan variant, which room_types identifies as the connecting plan and which is
      dropped wherever rooms.connecting = 0 - a shared sheet is not a shared connecting plan.
      CONNECTING plan reference(s) dropped on a NON-connecting room (rooms.connecting = 0), and the line
      says so: elec_outlets, elec_panel, elec_sink_sw, lv_tvdata, lv_wap
      1 condensed line(s) have no row of their own in this room (carried on the donor citation): plmb_hotcold_a
      FLOOR-WRONG CITATION - fp_heads_a: 1 dropped (A121); trimmed from the cited list A120
      FLOOR-WRONG CITATION - mech_ptac: kept on this room's own row(s) M301
      FLOOR-WRONG CITATION - mech_tstat: kept on this room's own row(s) M301
      FLOOR-WRONG CITATION - plmb_fd_a: kept on this room's own row(s) P301
      FLOOR-WRONG CITATION - plmb_hotcold_a: kept on this room's own row(s) P305
      FLOOR-WRONG CITATION - plmb_trapguard_a: kept on this room's own row(s) P301
      FLOOR-WRONG CITATION - plmb_wc_a: kept (building-wide table) A100
      reliability from THIS room's own rows (never the donor's) - elec_lights: donor HIGH -> FLAGGED (worst of ITM-0014 [HIGH], ITM-0022 [FLAGGED], ITM-0023 [HIGH], ITM-0024 [HIGH], ITM-0025 [FLAGGED])
      reliability from THIS room's own rows (never the donor's) - elec_outlets: donor HIGH -> MEDIUM (worst of ITM-0017 [HIGH], ITM-0019 [HIGH], ITM-0020 [HIGH], ITM-0021 [MEDIUM])
      reliability from THIS room's own rows (never the donor's) - elec_panel: donor HIGH -> HIGH (worst of ITM-0001 [HIGH], ITM-0002 [HIGH], ITM-0003 [HIGH], ITM-0004 [HIGH], ITM-0005 [HIGH], ITM-0006 [HIGH], ITM-0007 [HIGH], ITM-0008 [HIGH], ITM-0009 [HIGH], ITM-0010 [HIGH], ITM-0011 [HIGH], ITM-0012 [HIGH], ITM-0013 [HIGH])
      reliability from THIS room's own rows (never the donor's) - lv_phone_db: donor HIGH -> FLAGGED (worst of ITM-0028 [HIGH], ITM-0031 [FLAGGED])
      reliability from THIS room's own rows (never the donor's) - lv_tvdata: donor HIGH -> FLAGGED (worst of ITM-0027 [HIGH], ITM-0029 [HIGH], ITM-0030 [FLAGGED])
      reliability from THIS room's own rows (never the donor's) - mech_grille_bath: donor HIGH -> FLAGGED (worst of ITM-0062 [HIGH], ITM-0063 [HIGH], ITM-0064 [MEDIUM], ITM-0065 [FLAGGED], ITM-0066 [MEDIUM], ITM-0067 [HIGH], ITM-0068 [HIGH], ITM-0069 [MEDIUM], ITM-0070 [FLAGGED])
      reliability from THIS room's own rows (never the donor's) - mech_grille_rm: donor HIGH -> FLAGGED (worst of ITM-0053 [FLAGGED])
      reliability from THIS room's own rows (never the donor's) - mech_ptac: donor HIGH -> FLAGGED (worst of ITM-0443 [FLAGGED], ITM-0048 [HIGH], ITM-0052 [HIGH], ITM-0054 [HIGH], ITM-0055 [HIGH], ITM-0056 [MEDIUM], ITM-0057 [HIGH], ITM-0058 [HIGH], ITM-0061 [MEDIUM])
      reliability from THIS room's own rows (never the donor's) - mech_tstat: donor HIGH -> HIGH (worst of ITM-0018 [HIGH], ITM-0059 [HIGH], ITM-0060 [HIGH])
      reliability from THIS room's own rows (never the donor's) - plmb_fd_a: donor HIGH -> MEDIUM (worst of ITM-0046 [MEDIUM])
      reliability from THIS room's own rows (never the donor's) - plmb_ksink_a: donor HIGH -> FLAGGED (worst of ITM-0051 [FLAGGED])
      reliability from THIS room's own rows (never the donor's) - plmb_lavfaucet_a: donor HIGH -> FLAGGED (worst of ITM-0043 [HIGH], ITM-0044 [HIGH], ITM-0045 [FLAGGED])
      reliability from THIS room's own rows (never the donor's) - plmb_shower_a: donor HIGH -> HIGH (worst of ITM-0441 [HIGH])
      reliability from THIS room's own rows (never the donor's) - plmb_trapguard_a: donor HIGH -> MEDIUM (worst of ITM-0047 [MEDIUM])
      reliability from THIS room's own rows (never the donor's) - plmb_wc_a: donor HIGH -> FLAGGED (worst of ITM-0039 [HIGH], ITM-0042 [FLAGGED])

  RULINGS
    APPLIED  D12 on GR-322: qty 1 -> 3, and the line note says so - this room tags the nightstand family once (GR-322 only) and carries 2 queen bed(s), which is exactly the case D12 was ruled on
    DECLINED D20 on GR-202 - the ruling is about tag GR-202 in FF&E - Lighting, and what this room draws in that category is GR-200, GR-201, GR-203, GR-204, GR-205, GR-207, GR-208, so the ruling has nothing here to act on
    APPLIED  ruled lines: dh_closer_a (D28), dh_lock_a (D28)
    DECLINED D29/bsq_a: out of scope for room 434 ("Queen-Queen", rooms.accessible 0); build_floor1.mjs scopes it the same way and this tool copies the predicate
    D22: NO CORRECTION ON FLOOR 4 - the 4th Floor FF&E Installation tab does not reconcile; GR-308 carried as transcribed, OPEN for Austin - see room note n_d22

  FLAGS CARRIED (nothing resolved)
    FF&E 7 non-HIGH line(s): 905_a [FLAGGED] 905, gr300_a [FLAGGED] GR-300, gr308_a [FLAGGED] GR-308, gr318_a [FLAGGED] GR-318, gr322_a [FLAGGED] GR-322, hd03_a [MEDIUM] HD-03, hd08_a [MEDIUM] HD-08
    MEP  13 non-HIGH line(s): elec_lights [FLAGGED] <untagged>, elec_outlets [MEDIUM] <untagged>, lv_phone_db [FLAGGED] <untagged>, lv_tvdata [FLAGGED] <untagged>, mech_grille_bath [FLAGGED] EAG-50, mech_grille_rm [FLAGGED] <untagged>, mech_ptac [FLAGGED] PTAC, plmb_fd_a [MEDIUM] FD, plmb_ksink_a [FLAGGED] SK-3 / SK-4, plmb_lavfaucet_a [FLAGGED] —, plmb_shower_a [FLAGGED] SH-1 / SH-4, plmb_trapguard_a [MEDIUM] TP, plmb_wc_a [FLAGGED] WC-3 / WC-4
    fp_heads_a: 3 room-specific sprinkler head row(s) carried (ITM-0447, ITM-0448, ITM-0449); donor floor-1 head total removed; reliability HIGH

  CONFLICTS TABLE (data/project.sqlite conflicts, OPEN entries only)
    7 open entr(y/ies) touch this room: A11 [keys 115] [cited by own row(s) ITM-0103]; B3.1 [marks L-2, L-3, L-4, SH-1, SH-4, SK-3, SK-4]; B4.2 [marks 905]; B4.5 [marks GR-300, GR-308, GR-318, GR-322]; B5.3 [keys 115]; B5.4 [keys 115]; B5.6 [marks W4, W5]
    carried as a FLAG on 8 line(s): 905_a (905 <- B4.2[905]); gr300_a (GR-300 <- B4.5[GR-300]); gr308_a (GR-308 <- B4.5[GR-308]); gr318_a (GR-318 <- B4.5[GR-318]); gr322_a (GR-322 <- B4.5[GR-322]); plmb_ksink_a (SK-3 + SK-4 <- B3.1[SK-3,SK-4]); plmb_lavfaucet_a (L-2 + L-3 + L-4 <- B3.1[L-2,L-3,L-4]); plmb_shower_a (SH-1 + SH-4 <- B3.1[SH-1,SH-4]); every one of them is also in room note n_conflicts
    room notes seeded: n_conflicts, n_d22, n_gaps, n_gategaps, n_rulings, n_type

----------------------------------------------------------------------------------------------------
ROOM 436  QQ Connecting  (6 key(s) of this type: 103, 215, 236, 336, 403, 436)
  doc type qq-connecting / "QQ Connecting"   sheets: plan A103; room sheet A555; bath A530
  FF&E : 42 lines   [152 raw rows -> 46 gated -> 40 after 6 folds, + 2 ruled FF&E line(s)]
  MEP  : 23 lines   [74 MEP rows; 9 rough-in left off the punch; 69 deleted history row(s) in 103-MEP not copied]
  gate : 32 row(s) dropped by Austin's approved category gate (Paint / Drywall / Flooring / Doors / Stone-Surround / Wall Covering / FF&E-Misc), same as every approved floor-1 room

  DONOR USAGE - LIVE room 103 (QQ Connecting)
    40 shared tag(s) took the donor's curated text: 901, 902, 903, 904, 905, <untagged>, GR-100, GR-101, GR-103, GR-200, GR-201, GR-203, GR-204, GR-205, GR-207, GR-208, GR-300, GR-302, GR-308, GR-318, GR-321, GR-322, GR-400, GR-402, GR-402.1, GR-403, GR-500, GR-501, GR-502, GR-600, GR-600.1, GR-602, HD-03, HD-08, HD-12, HD-16, HD-18, HD-21, HD-22, kn 11
    0 tag(s) have NO live counterpart and ship from sqlite VERBATIM: none
    2 donor tag(s) not applicable to this type: DH-1, DH-2
    label: <untagged>: donor label extends sqlite ("Garbage disposer - Moen MGXP33C") - donor text carried
    THE DONOR MAY ENRICH, NEVER LAUNDER:
      reliability KEPT from this room's own sqlite row over the donor's on 0 line(s)
      reliability RAISED on a ruling that closes the flag for the product on 3 line(s): 902_a (902): FLAGGED -> HIGH on the ruling closure carried in the donor text; gr308_a (GR-308): FLAGGED -> HIGH on the ruling closure carried in the donor text; u_ce20ab6281 (<untagged>): FLAGGED -> HIGH on the ruling closure carried in the donor text
      donor text DROPPED as a reading of the donor's own drawing on 2 line(s): hd03_a (HD-03): "⚑ elevation-sourced — A530 warns ‘do not treat that as a tak"; hd08_a (HD-08): "⚑ elevation-sourced — not a takeoff" (quoted on the line as not carried)
    MEP text donated from 103-MEP, written for sheet A555, re-cited onto A555 - SAME SHEET, so every citation stands verbatim and no number is re-judged. The ONE exception is the
      '.1' CONNECTING plan variant, which room_types identifies as the connecting plan and which is
      dropped wherever rooms.connecting = 0 - a shared sheet is not a shared connecting plan.
      2 condensed line(s) have no row of their own in this room (carried on the donor citation): fp_heads_a, plmb_hotcold_a
      FLOOR-WRONG CITATION - fp_heads_a: 1 dropped (A121); trimmed from the cited list A120
      FLOOR-WRONG CITATION - mech_ptac: kept on this room's own row(s) M301
      FLOOR-WRONG CITATION - mech_tstat: kept on this room's own row(s) M301
      FLOOR-WRONG CITATION - plmb_fd_a: kept on this room's own row(s) P301
      FLOOR-WRONG CITATION - plmb_hotcold_a: kept on this room's own row(s) P305
      FLOOR-WRONG CITATION - plmb_trapguard_a: kept on this room's own row(s) P301
      FLOOR-WRONG CITATION - plmb_wc_a: kept (building-wide table) A100
      reliability from THIS room's own rows (never the donor's) - elec_lights: donor HIGH -> FLAGGED (worst of ITM-0014 [HIGH], ITM-0022 [FLAGGED], ITM-0023 [HIGH], ITM-0024 [HIGH], ITM-0025 [FLAGGED])
      reliability from THIS room's own rows (never the donor's) - elec_outlets: donor HIGH -> MEDIUM (worst of ITM-0017 [HIGH], ITM-0019 [HIGH], ITM-0020 [HIGH], ITM-0021 [MEDIUM])
      reliability from THIS room's own rows (never the donor's) - elec_panel: donor HIGH -> HIGH (worst of ITM-0001 [HIGH], ITM-0002 [HIGH], ITM-0003 [HIGH], ITM-0004 [HIGH], ITM-0005 [HIGH], ITM-0006 [HIGH], ITM-0007 [HIGH], ITM-0008 [HIGH], ITM-0009 [HIGH], ITM-0010 [HIGH], ITM-0011 [HIGH], ITM-0012 [HIGH], ITM-0013 [HIGH])
      reliability from THIS room's own rows (never the donor's) - lv_phone_db: donor HIGH -> FLAGGED (worst of ITM-0028 [HIGH], ITM-0031 [FLAGGED])
      reliability from THIS room's own rows (never the donor's) - lv_tvdata: donor HIGH -> FLAGGED (worst of ITM-0027 [HIGH], ITM-0029 [HIGH], ITM-0030 [FLAGGED])
      reliability from THIS room's own rows (never the donor's) - mech_grille_bath: donor HIGH -> FLAGGED (worst of ITM-0062 [HIGH], ITM-0063 [HIGH], ITM-0064 [MEDIUM], ITM-0065 [FLAGGED], ITM-0066 [MEDIUM], ITM-0067 [HIGH], ITM-0068 [HIGH], ITM-0069 [MEDIUM], ITM-0070 [FLAGGED])
      reliability from THIS room's own rows (never the donor's) - mech_grille_rm: donor HIGH -> FLAGGED (worst of ITM-0053 [FLAGGED])
      reliability from THIS room's own rows (never the donor's) - mech_ptac: donor HIGH -> FLAGGED (worst of ITM-0496 [FLAGGED], ITM-0048 [HIGH], ITM-0052 [HIGH], ITM-0054 [HIGH], ITM-0055 [HIGH], ITM-0056 [MEDIUM], ITM-0057 [HIGH], ITM-0058 [HIGH], ITM-0061 [MEDIUM]; already moved to FLAGGED earlier in this build)
      reliability from THIS room's own rows (never the donor's) - mech_tstat: donor HIGH -> HIGH (worst of ITM-0018 [HIGH], ITM-0059 [HIGH], ITM-0060 [HIGH])
      reliability from THIS room's own rows (never the donor's) - plmb_fd_a: donor HIGH -> MEDIUM (worst of ITM-0046 [MEDIUM])
      reliability from THIS room's own rows (never the donor's) - plmb_ksink_a: donor HIGH -> FLAGGED (worst of ITM-0051 [FLAGGED])
      reliability from THIS room's own rows (never the donor's) - plmb_lavfaucet_a: donor HIGH -> FLAGGED (worst of ITM-0043 [HIGH], ITM-0044 [HIGH], ITM-0045 [FLAGGED])
      reliability from THIS room's own rows (never the donor's) - plmb_shower_a: donor HIGH -> HIGH (worst of ITM-0494 [HIGH])
      reliability from THIS room's own rows (never the donor's) - plmb_trapguard_a: donor HIGH -> MEDIUM (worst of ITM-0047 [MEDIUM])
      reliability from THIS room's own rows (never the donor's) - plmb_wc_a: donor HIGH -> FLAGGED (worst of ITM-0039 [HIGH], ITM-0042 [FLAGGED])
      placed by product identity: ITM-0494 -> plmb_shower_a (description is character-for-character donor row ITM-0441)
      placed by product identity: ITM-0495 -> plmb_shencl_a (description is character-for-character donor row ITM-0442)
      placed by product identity: ITM-0496 -> mech_ptac (description is character-for-character donor row ITM-0443/ITM-0052/ITM-0054/ITM-0055/ITM-0056/ITM-0057/ITM-0058/ITM-0061/ITM-0048)

  RULINGS
    APPLIED  D12 on GR-322: qty 1 -> 3, and the line note says so - this room tags the nightstand family once (GR-322 only) and carries 2 queen bed(s), which is exactly the case D12 was ruled on
    DECLINED D20 on GR-202 - the ruling is about tag GR-202 in FF&E - Lighting, and what this room draws in that category is GR-200, GR-201, GR-203, GR-204, GR-205, GR-207, GR-208, so the ruling has nothing here to act on
    APPLIED  ruled lines: dh_closer_a (D28), dh_lock_a (D28)
    DECLINED D29/bsq_a: out of scope for room 436 ("QQ Connecting", rooms.accessible 0); build_floor1.mjs scopes it the same way and this tool copies the predicate
    D22: GR-308 is the connector wall and stands - see room note n_d22

  FLAGS CARRIED (nothing resolved)
    FF&E 7 non-HIGH line(s): 905_a [FLAGGED] 905, gr300_a [FLAGGED] GR-300, gr308_a [FLAGGED] GR-308, gr318_a [FLAGGED] GR-318, gr322_a [FLAGGED] GR-322, hd03_a [MEDIUM] HD-03, hd08_a [MEDIUM] HD-08
    MEP  14 non-HIGH line(s): elec_lights [FLAGGED] <untagged>, elec_outlets [MEDIUM] <untagged>, fp_heads_a [MEDIUM] <untagged>, lv_phone_db [FLAGGED] <untagged>, lv_tvdata [FLAGGED] <untagged>, mech_grille_bath [FLAGGED] EAG-50, mech_grille_rm [FLAGGED] <untagged>, mech_ptac [FLAGGED] PTAC-2 / PTAC-1, plmb_fd_a [MEDIUM] FD, plmb_ksink_a [FLAGGED] SK-3 / SK-4, plmb_lavfaucet_a [FLAGGED] —, plmb_shower_a [FLAGGED] SH-1 / SH-4, plmb_trapguard_a [MEDIUM] TP, plmb_wc_a [FLAGGED] WC-3 / WC-4
    fp_heads_a: donor qty 1 NOT copied; donor mark "FP" NOT copied; line ships with no quantity and no mark, reliability MEDIUM, carrying PH-GU-001 verbatim; 2 donor FP-series citation segment(s) removed (floor-1 sheet, floor-1 total, rooms 107/108 verification) and replaced with PH-GU-001's own sheet list plus this room's floor (4)
    mech_ptac: 1 unit row(s) ITM-0496; mark "PTAC-2 / PTAC-1"; reliability FLAGGED; M401 detail 01 from this room's own row(s)

  CONFLICTS TABLE (data/project.sqlite conflicts, OPEN entries only)
    5 open entr(y/ies) touch this room: A11 [cited by own row(s) ITM-0104]; B3.1 [marks L-2, L-3, L-4, SH-1, SH-4, SK-3, SK-4]; B4.2 [marks 905]; B4.5 [marks GR-300, GR-308, GR-318, GR-322]; B5.6 [marks W4, W5]
    carried as a FLAG on 8 line(s): 905_a (905 <- B4.2[905]); gr300_a (GR-300 <- B4.5[GR-300]); gr308_a (GR-308 <- B4.5[GR-308]); gr318_a (GR-318 <- B4.5[GR-318]); gr322_a (GR-322 <- B4.5[GR-322]); plmb_ksink_a (SK-3 + SK-4 <- B3.1[SK-3,SK-4]); plmb_lavfaucet_a (L-2 + L-3 + L-4 <- B3.1[L-2,L-3,L-4]); plmb_shower_a (SH-1 + SH-4 <- B3.1[SH-1,SH-4]); every one of them is also in room note n_conflicts
    room notes seeded: n_conflicts, n_d22, n_dbroom, n_gaps, n_gategaps, n_rulings, n_type

----------------------------------------------------------------------------------------------------
ROOM 438  King Studio Acc.  (2 key(s) of this type: 118, 438)
  doc type king-studio-acc / "King Studio Accessible Connector"   sheets: plan A103; room sheet A551 / A552; bath A532 / A532.1
  FF&E : 44 lines   [156 raw rows -> 42 gated -> 42 after 0 folds, + 2 ruled FF&E line(s)]
  MEP  : 35 lines   [84 MEP rows; 9 rough-in left off the punch; 0 deleted history row(s) in 104-MEP not copied]
  gate : 30 row(s) dropped by Austin's approved category gate (Paint / Drywall / Flooring / Doors / Stone-Surround / Wall Covering / FF&E-Misc), same as every approved floor-1 room

  DONOR USAGE - LIVE room 104 (King Studio)
    27 shared tag(s) took the donor's curated text: 901, 902, 903, 904, 905, <untagged>, GR-100, GR-101, GR-103, GR-200, GR-201, GR-202, GR-203, GR-205, GR-301, GR-318, GR-319, GR-323, GR-402.1, GR-500, GR-502, GR-601, HD-08, HD-12, HD-16, HD-18, HD-21
    15 tag(s) have NO live counterpart and ship from sqlite VERBATIM: <untagged> [FLAGGED], GR-206, GR-307, GR-401, GR-404, GR-405, GR-503 [FLAGGED], GR-603.1, GR-603.ADA, HD-02 [FLAGGED], HD-05 [FLAGGED], HD-06 [FLAGGED], HD-10 [FLAGGED], HD-14 [FLAGGED], HD-5.1 [FLAGGED]
    16 donor tag(s) not applicable to this type: DH-1, DH-2, GR-204, GR-302, GR-304, GR-320, GR-321, GR-400, GR-402, GR-403, GR-501, GR-601.1, GR-603, HD-03, HD-22, kn 11
    label: <untagged>: donor label extends sqlite ("Garbage disposer - Moen MGXP33C") - donor text carried
    qty:   HD-12: qty 1 here vs 2 in donor room 104 (sqlite governs; the donor supplies text only)
    THE DONOR MAY ENRICH, NEVER LAUNDER:
      reliability KEPT from this room's own sqlite row over the donor's on 3 line(s): gr202_a (GR-202): sqlite MEDIUM KEPT over donor HIGH; hd08_a (HD-08): sqlite FLAGGED KEPT over donor MEDIUM; hd12_a (HD-12): sqlite FLAGGED KEPT over donor HIGH
      reliability RAISED on a ruling that closes the flag for the product on 2 line(s): 902_a (902): FLAGGED -> HIGH on the ruling closure carried in the donor text; u_ce20ab6281 (<untagged>): FLAGGED -> HIGH on the ruling closure carried in the donor text
      donor text DROPPED as a reading of the donor's own drawing on 1 line(s): hd08_a (HD-08): "⚑ elevation-sourced - not a takeoff" (quoted on the line as not carried)
    MEP text donated from 104-MEP, written for sheet A550, re-cited onto A551
      8 donor line(s) carried the DONOR's own re-point note (a fact about room 104, not this room); removed and replaced with this room's own: elec_outlets, elec_panel, elec_sink_sw, fp_smoke_a, lv_tvdata, lv_wap, mech_tstat, plmb_shower_a
      citation number NOT carried across sheets - lv_phone_db: view 01 -> replaced by this room's own row(s) ITM-0028, ITM-0031
      citation number NOT carried across sheets - mech_grille_rm: view 08 -> sheet cited by name only
      citation number NOT carried across sheets - mech_ptac: view 08 -> proven sheet-independent numbering kept: A551 KN1
      citation number NOT carried across sheets - plmb_shencl_a: view 01, keynote 5 -> sheet cited by name only
      4 condensed line(s) have no row of their own in this room (carried on the donor citation): fp_heads_a, plmb_hotcold_a, plmb_shencl_a, plmb_shower_a
      FLOOR-WRONG CITATION - db_itm0703 (own row): kept on this room's own row A100
      FLOOR-WRONG CITATION - db_itm0705 (own row): kept on this room's own row P301
      FLOOR-WRONG CITATION - fp_heads_a: 1 dropped (A121); trimmed from the cited list A120
      FLOOR-WRONG CITATION - mech_ptac: kept on this room's own row(s) M301
      FLOOR-WRONG CITATION - mech_tstat: kept on this room's own row(s) M301
      FLOOR-WRONG CITATION - plmb_fd_a: kept on this room's own row(s) P301
      FLOOR-WRONG CITATION - plmb_hotcold_a: kept on this room's own row(s) P305
      FLOOR-WRONG CITATION - plmb_trapguard_a: kept on this room's own row(s) P301
      FLOOR-WRONG CITATION - plmb_wc_a: kept on this room's own row(s) A100
      reliability from THIS room's own rows (never the donor's) - elec_lights: donor HIGH -> FLAGGED (worst of ITM-0014 [HIGH], ITM-0022 [FLAGGED], ITM-0023 [HIGH], ITM-0024 [HIGH], ITM-0025 [FLAGGED])
      reliability from THIS room's own rows (never the donor's) - elec_outlets: donor HIGH -> MEDIUM (worst of ITM-0017 [HIGH], ITM-0019 [HIGH], ITM-0020 [HIGH], ITM-0021 [MEDIUM])
      reliability from THIS room's own rows (never the donor's) - elec_panel: donor HIGH -> HIGH (worst of ITM-0001 [HIGH], ITM-0002 [HIGH], ITM-0003 [HIGH], ITM-0004 [HIGH], ITM-0005 [HIGH], ITM-0006 [HIGH], ITM-0007 [HIGH], ITM-0008 [HIGH], ITM-0009 [HIGH], ITM-0010 [HIGH], ITM-0011 [HIGH], ITM-0012 [HIGH], ITM-0013 [HIGH])
      reliability from THIS room's own rows (never the donor's) - lv_phone_db: donor HIGH -> FLAGGED (worst of ITM-0028 [HIGH], ITM-0031 [FLAGGED])
      reliability from THIS room's own rows (never the donor's) - lv_tvdata: donor HIGH -> FLAGGED (worst of ITM-0027 [HIGH], ITM-0029 [HIGH], ITM-0030 [FLAGGED])
      reliability from THIS room's own rows (never the donor's) - mech_grille_bath: donor HIGH -> FLAGGED (worst of ITM-0062 [HIGH], ITM-0063 [HIGH], ITM-0064 [MEDIUM], ITM-0065 [FLAGGED], ITM-0066 [MEDIUM], ITM-0067 [HIGH], ITM-0068 [HIGH], ITM-0069 [MEDIUM], ITM-0070 [FLAGGED])
      reliability from THIS room's own rows (never the donor's) - mech_grille_rm: donor HIGH -> FLAGGED (worst of ITM-0053 [FLAGGED])
      reliability from THIS room's own rows (never the donor's) - mech_ptac: donor HIGH -> MEDIUM (worst of ITM-0240 [MEDIUM], ITM-0048 [HIGH], ITM-0052 [HIGH], ITM-0054 [HIGH], ITM-0055 [HIGH], ITM-0056 [MEDIUM], ITM-0057 [HIGH], ITM-0058 [HIGH], ITM-0061 [MEDIUM])
      reliability from THIS room's own rows (never the donor's) - mech_tstat: donor HIGH -> HIGH (worst of ITM-0018 [HIGH], ITM-0059 [HIGH], ITM-0060 [HIGH])
      reliability from THIS room's own rows (never the donor's) - plmb_fd_a: donor HIGH -> MEDIUM (worst of ITM-0046 [MEDIUM])
      reliability from THIS room's own rows (never the donor's) - plmb_ksink_a: donor HIGH -> FLAGGED (worst of ITM-0051 [FLAGGED])
      reliability from THIS room's own rows (never the donor's) - plmb_lavfaucet_a: donor HIGH -> FLAGGED (worst of ITM-0043 [HIGH], ITM-0044 [HIGH], ITM-0045 [FLAGGED])
      reliability from THIS room's own rows (never the donor's) - plmb_trapguard_a: donor HIGH -> MEDIUM (worst of ITM-0047 [MEDIUM])
      reliability from THIS room's own rows (never the donor's) - plmb_wc_a: donor HIGH -> FLAGGED (worst of ITM-0039 [HIGH], ITM-0042 [FLAGGED])
      mark from THIS room's own rows - plmb_shencl_a: donor mark "kn 28 / kn 5" -> "kn 10 / kn 11" from this room's own bathing row(s)
      mark from THIS room's own rows - plmb_shower_a: donor mark "SH-1 / SH-4" -> "SH-1 / SH-3" from this room's own bathing row(s)
      placed by product identity: ITM-0240 -> mech_ptac (floor-1 variant slot, MEP_VARIANT_SLOTS - the placement build_floor1 used)
      12 row(s) no condensed line claims, each given its own line: <untagged> [Electrical] ITM-0242; <untagged> [Electrical] ITM-0243; <untagged> [Electrical] ITM-0244; <untagged> [Electrical] ITM-0245; <untagged> [Electrical] ITM-0246; BT-1 [Plumbing] ITM-0703; <untagged> [Plumbing] ITM-0705; SH-1 / SH-3 [Plumbing] ITM-0706; kn 10 [Plumbing] ITM-0707; kn 11 [Plumbing] ITM-0708; <untagged> [Electrical] ITM-0254; <untagged> [Electrical] ITM-0255

  RULINGS
    APPLIED  D20 on GR-202: qty 1 -> 2, and the line note says so - room type "King Studio Acc." is a King-family key, which is the set D20 was ruled on
    DECLINED D12 on GR-322 - the ruling is about tag GR-322 in FF&E - Casegoods, and what this room draws in that category is GR-301, GR-307, GR-318, GR-319, GR-323, so the ruling has nothing here to act on
    APPLIED  ruled lines: dh_closer_a (D28), dh_lock_a (D28)
    DECLINED D29/bsq_a: out of scope for room 438 ("King Studio Acc.", rooms.accessible 1); build_floor1.mjs scopes it the same way and this tool copies the predicate

  FLAGS CARRIED (nothing resolved)
    FF&E 15 non-HIGH line(s): 905_a [FLAGGED] 905, gr202_a [MEDIUM] GR-202, gr307_a [FLAGGED] GR-307, gr318_a [FLAGGED] GR-318, gr323_a [FLAGGED] GR-323, gr503_a [FLAGGED] GR-503, hd02_a [FLAGGED] HD-02, hd05_a [FLAGGED] HD-05, hd06_a [FLAGGED] HD-06, hd08_a [FLAGGED] HD-08, hd10_a [FLAGGED] HD-10, hd12_a [FLAGGED] HD-12, hd14_a [FLAGGED] HD-14, hd51_a [FLAGGED] HD-5.1, u_ef5592c066 [FLAGGED] <untagged>
    MEP  20 non-HIGH line(s): db_itm0703 [FLAGGED] BT-1, db_itm0705 [FLAGGED] <untagged>, db_itm0706 [FLAGGED] SH-1 / SH-3, db_itm0707 [FLAGGED] kn 10, db_itm0708 [FLAGGED] kn 11, elec_lights [FLAGGED] <untagged>, elec_outlets [MEDIUM] <untagged>, fp_heads_a [MEDIUM] <untagged>, lv_phone_db [FLAGGED] <untagged>, lv_tvdata [FLAGGED] <untagged>, mech_grille_bath [FLAGGED] EAG-50, mech_grille_rm [FLAGGED] <untagged>, mech_ptac [MEDIUM] PTAC-1, plmb_fd_a [MEDIUM] FD, plmb_ksink_a [FLAGGED] SK-3 / SK-4, plmb_lavfaucet_a [FLAGGED] —, plmb_shencl_a [FLAGGED] kn 10 / kn 11, plmb_shower_a [FLAGGED] SH-1 / SH-3, plmb_trapguard_a [MEDIUM] TP, plmb_wc_a [FLAGGED] WC-3 / WC-4
    BATHING CONFIGURATION OPEN: 3 Configuration A (TUB) row(s) and 5 Configuration B (ROLL-IN SHOWER) row(s), ALL EMITTED, ALL FLAGGED, NEITHER SUPERSEDED - and only one
      of them gets built.
      Austin ruling D19 covered ROOM 118 ONLY and has NOT been extended.
      FF&E: hd05_a (Config A, HD-05), hd14_a (Config B, HD-14), hd51_a (Config B, HD-5.1)
      MEP : db_itm0703 (Config A, BT-1), db_itm0705 (Config A, <untagged>), db_itm0706 (Config B, SH-1 / SH-3), db_itm0707 (Config B, kn 10), db_itm0708 (Config B, kn 11), plmb_shencl_a (donor product text, marked UNRESOLVED), plmb_shower_a (donor product text, marked UNRESOLVED)
    fp_heads_a: donor qty 3 NOT copied; donor mark "FP" NOT copied; line ships with no quantity and no mark, reliability MEDIUM, carrying PH-GU-001 verbatim; 3 donor FP-series citation segment(s) removed (floor-1 sheet, floor-1 total, rooms 107/108 verification) and replaced with PH-GU-001's own sheet list plus this room's floor (4)
    mech_ptac: 1 unit row(s) ITM-0240; mark "PTAC-1"; reliability HIGH; donor's own-row resolution removed

  CONFLICTS TABLE (data/project.sqlite conflicts, OPEN entries only)
    6 open entr(y/ies) touch this room: A11 [keys 438] [cited by own row(s) ITM-0703, ITM-0704, ITM-0705, ITM-0706, ITM-0707, ITM-0708, ITM-0709, ITM-0710, ITM-0711]; B3.1 [marks L-2, L-3, L-4, SH-1, SH-3, SK-3, SK-4]; B4.2 [marks 905]; B4.4 [keys 438] [cited by own row(s) ITM-0703, ITM-0704, ITM-0705, ITM-0706, ITM-0707, ITM-0708, ITM-0709, ITM-0710, ITM-0711]; B4.5 [marks GR-307, GR-318, GR-323]; B5.6 [marks W4, W5]
    carried as a FLAG on 15 line(s): 905_a (905 <- B4.2[905]); gr307_a (GR-307 <- B4.5[GR-307]); gr318_a (GR-318 <- B4.5[GR-318]); gr323_a (GR-323 <- B4.5[GR-323]); hd05_a (HD-05 <- A11[cited by ITM-0704], B4.4[cited by ITM-0704]); hd14_a (HD-14 <- A11[cited by ITM-0709], B4.4[cited by ITM-0709]); hd51_a (HD-5.1 <- A11[cited by ITM-0710], B4.4[cited by ITM-0710]); db_itm0703 (BT-1 <- A11[cited by ITM-0703], B4.4[cited by ITM-0703]); db_itm0705 (ITM-0705 <- A11[cited by ITM-0705], B4.4[cited by ITM-0705]); db_itm0706 (SH-1 + SH-3 <- A11[cited by ITM-0706], B3.1[SH-1,SH-3], B4.4[cited by ITM-0706]); db_itm0707 (kn 10 <- A11[cited by ITM-0707], B4.4[cited by ITM-0707]); db_itm0708 (kn 11 <- A11[cited by ITM-0708], B4.4[cited by ITM-0708]); plmb_ksink_a (SK-3 + SK-4 <- B3.1[SK-3,SK-4]); plmb_lavfaucet_a (L-2 + L-3 + L-4 <- B3.1[L-2,L-3,L-4]); plmb_shower_a (SH-1 + SH-3 <- B3.1[SH-1,SH-3]); every one of them is also in room note n_conflicts
    room notes seeded: n_config, n_conflicts, n_dbroom, n_gaps, n_gategaps, n_rulings, n_type, n_typearea

====================================================================================================
4th Floor FF&E Installation tab reconciled: GR-304 = 17 (17 King Studio)
4th Floor FF&E Installation tab reconciled: GR-315 = 1 (1 King One Bedroom)
4th Floor FF&E Installation tab reconciled: GR-316 = 1 (1 King One Bedroom Acc.)
4th Floor FF&E Installation tab DOES NOT RECONCILE: GR-305: the 4th Floor FF&E Installation tab lists 11, floor 4's key mix gives 10 (8 plain Queen-Queen + 0 QQ Wide + 2 QQ Extended)
4th Floor FF&E Installation tab DOES NOT RECONCILE: GR-308: the 4th Floor FF&E Installation tab lists 2, floor 4's key mix gives 3 (3 connecting key(s))
4th Floor FF&E Installation tab DOES NOT RECONCILE: GR-309R: the 4th Floor FF&E Installation tab lists 1, floor 4's key mix gives 0 (0 QQ Acc.)
wrote platform/data/floor4-staged.json  (66 docs: 401, 401-MEP, 402, 402-MEP, 403, 403-MEP, 404, 404-MEP, 405, 405-MEP, 406, 406-MEP, 407, 407-MEP, 408, 408-MEP, 409, 409-MEP, 410, 410-MEP, 411, 411-MEP, 412, 412-MEP, 413, 413-MEP, 414, 414-MEP, 415, 415-MEP, 416, 416-MEP, 417, 417-MEP, 418, 418-MEP, 422, 422-MEP, 423, 423-MEP, 424, 424-MEP, 425, 425-MEP, 426, 426-MEP, 427, 427-MEP, 428, 428-MEP, 429, 429-MEP, 430, 430-MEP, 431, 431-MEP, 432, 432-MEP, 433, 433-MEP, 434, 434-MEP, 436, 436-MEP, 438, 438-MEP)
  md5 f5526b8d4ba79714a8ee0c4b74150deb   5020017 bytes
READ ONLY and untouched, verified by size+mtime: floor1-staged.json, slice-f1.json, ref-rooms-staged.json, build_floor1.mjs
FLOOR 4 STAGED FOR APPROVAL. NOT LIVE. Firestore not touched. Nothing pushed. Nothing deployed.

